-- ============================================================================
-- V12 - Vandal-only catalog refresh (generated from src/main/resources/catalog/*.json)
-- ============================================================================
-- Aligns the backend catalog with the new Unity Vandal-only dataset: upserts the
-- 100 new Vandal skins as active, deactivates every other skin (kept, not deleted,
-- so existing inventory_items still resolve), upserts the 6 Vandal cases, and
-- rebuilds their drop pools to reference only the new active skin IDs. Touches
-- catalog tables only; no player-owned tables are referenced.
-- ============================================================================

-- New Vandal skins (100). Upsert by primary key id.
INSERT INTO skins (id, display_name, weapon, rarity, vp_value, image_ref, active) VALUES
    ('skin_vandal_phaseguard', 'Phaseguard', 'Vandal', 'Ultra', 2475, 'Art/Skins/Vandal/phaseguard', TRUE),
    ('skin_vandal_elderflame', 'Elderflame', 'Vandal', 'Ultra', 2475, 'Art/Skins/Vandal/elderflame', TRUE),
    ('skin_vandal_ora_by_onetap', 'ORA by OneTap', 'Vandal', 'Ultra', 2475, 'Art/Skins/Vandal/ora_by_onetap', TRUE),
    ('skin_vandal_evori_dreamwings', 'Evori Dreamwings', 'Vandal', 'Ultra', 2475, 'Art/Skins/Vandal/evori_dreamwings', TRUE),
    ('skin_vandal_ex_o', 'EX.O', 'Vandal', 'Exclusive', 2175, 'Art/Skins/Vandal/ex_o', TRUE),
    ('skin_vandal_kuronami', 'Kuronami', 'Vandal', 'Exclusive', 2175, 'Art/Skins/Vandal/kuronami', TRUE),
    ('skin_vandal_rgx_11z_pro', 'RGX 11z Pro', 'Vandal', 'Exclusive', 2175, 'Art/Skins/Vandal/rgx_11z_pro', TRUE),
    ('skin_vandal_divergence', 'Divergence', 'Vandal', 'Exclusive', 2175, 'Art/Skins/Vandal/divergence', TRUE),
    ('skin_vandal_araxys', 'Araxys', 'Vandal', 'Exclusive', 2175, 'Art/Skins/Vandal/araxys', TRUE),
    ('skin_vandal_glitchpop', 'Glitchpop', 'Vandal', 'Exclusive', 2175, 'Art/Skins/Vandal/glitchpop', TRUE),
    ('skin_vandal_chronovoid', 'ChronoVoid', 'Vandal', 'Exclusive', 2175, 'Art/Skins/Vandal/chronovoid', TRUE),
    ('skin_vandal_prelude_to_chaos', 'Prelude to Chaos', 'Vandal', 'Exclusive', 2175, 'Art/Skins/Vandal/prelude_to_chaos', TRUE),
    ('skin_vandal_imperium', 'Imperium', 'Vandal', 'Exclusive', 2175, 'Art/Skins/Vandal/imperium', TRUE),
    ('skin_vandal_singularity', 'Singularity', 'Vandal', 'Exclusive', 2175, 'Art/Skins/Vandal/singularity', TRUE),
    ('skin_vandal_dolmir_s_revenge', 'Dolmir''s Revenge', 'Vandal', 'Exclusive', 2175, 'Art/Skins/Vandal/dolmir_s_revenge', TRUE),
    ('skin_vandal_primordium', 'Primordium', 'Vandal', 'Exclusive', 2175, 'Art/Skins/Vandal/primordium', TRUE),
    ('skin_vandal_overdrive', 'Overdrive', 'Vandal', 'Exclusive', 2175, 'Art/Skins/Vandal/overdrive', TRUE),
    ('skin_vandal_rogue', 'Rogue', 'Vandal', 'Exclusive', 2175, 'Art/Skins/Vandal/rogue', TRUE),
    ('skin_vandal_blackthorn', 'Blackthorn', 'Vandal', 'Exclusive', 2175, 'Art/Skins/Vandal/blackthorn', TRUE),
    ('skin_vandal_holo_meridian', 'Holo Meridian', 'Vandal', 'Exclusive', 2175, 'Art/Skins/Vandal/holo_meridian', TRUE),
    ('skin_vandal_sentinels_of_light', 'Sentinels of Light', 'Vandal', 'Exclusive', 2175, 'Art/Skins/Vandal/sentinels_of_light', TRUE),
    ('skin_vandal_mystbloom', 'Mystbloom', 'Vandal', 'Exclusive', 2175, 'Art/Skins/Vandal/mystbloom', TRUE),
    ('skin_vandal_cyrax', 'CYRAX', 'Vandal', 'Exclusive', 2175, 'Art/Skins/Vandal/cyrax', TRUE),
    ('skin_vandal_splashx', 'SplashX', 'Vandal', 'Exclusive', 2175, 'Art/Skins/Vandal/splashx', TRUE),
    ('skin_vandal_valorant_go_vol_2', 'VALORANT GO! Vol. 2', 'Vandal', 'Premium', 1775, 'Art/Skins/Vandal/valorant_go_vol_2', TRUE),
    ('skin_vandal_neptune', 'Neptune', 'Vandal', 'Premium', 1775, 'Art/Skins/Vandal/neptune', TRUE),
    ('skin_vandal_gaia_s_vengeance', 'Gaia''s Vengeance', 'Vandal', 'Premium', 1775, 'Art/Skins/Vandal/gaia_s_vengeance', TRUE),
    ('skin_vandal_origin', 'Origin', 'Vandal', 'Premium', 1775, 'Art/Skins/Vandal/origin', TRUE),
    ('skin_vandal_forsaken', 'Forsaken', 'Vandal', 'Premium', 1775, 'Art/Skins/Vandal/forsaken', TRUE),
    ('skin_vandal_prime', 'Prime', 'Vandal', 'Premium', 1775, 'Art/Skins/Vandal/prime', TRUE),
    ('skin_vandal_xerfang', 'XERØFANG', 'Vandal', 'Premium', 1775, 'Art/Skins/Vandal/xerfang', TRUE),
    ('skin_vandal_black_market', 'Black.Market', 'Vandal', 'Premium', 1775, 'Art/Skins/Vandal/black_market', TRUE),
    ('skin_vandal_aemondir', 'Aemondir', 'Vandal', 'Premium', 1775, 'Art/Skins/Vandal/aemondir', TRUE),
    ('skin_vandal_solarstride', 'Solarstride', 'Vandal', 'Premium', 1775, 'Art/Skins/Vandal/solarstride', TRUE),
    ('skin_vandal_magepunk', 'Magepunk', 'Vandal', 'Premium', 1775, 'Art/Skins/Vandal/magepunk', TRUE),
    ('skin_vandal_valiant_hero', 'Valiant Hero', 'Vandal', 'Premium', 1775, 'Art/Skins/Vandal/valiant_hero', TRUE),
    ('skin_vandal_crimsonbeast', 'Crimsonbeast', 'Vandal', 'Premium', 1775, 'Art/Skins/Vandal/crimsonbeast', TRUE),
    ('skin_vandal_ion', 'Ion', 'Vandal', 'Premium', 1775, 'Art/Skins/Vandal/ion', TRUE),
    ('skin_vandal_oni', 'Oni', 'Vandal', 'Premium', 1775, 'Art/Skins/Vandal/oni', TRUE),
    ('skin_vandal_cryostasis', 'Cryostasis', 'Vandal', 'Premium', 1775, 'Art/Skins/Vandal/cryostasis', TRUE),
    ('skin_vandal_reaver', 'Reaver', 'Vandal', 'Premium', 1775, 'Art/Skins/Vandal/reaver', TRUE),
    ('skin_vandal_tethered_realms', 'Tethered Realms', 'Vandal', 'Premium', 1775, 'Art/Skins/Vandal/tethered_realms', TRUE),
    ('skin_vandal_ego', 'Ego', 'Vandal', 'Premium', 1775, 'Art/Skins/Vandal/ego', TRUE),
    ('skin_vandal_altitude', 'Altitude', 'Vandal', 'Deluxe', 1275, 'Art/Skins/Vandal/altitude', TRUE),
    ('skin_vandal_aristocrat', 'Aristocrat', 'Vandal', 'Deluxe', 1275, 'Art/Skins/Vandal/aristocrat', TRUE),
    ('skin_vandal_mk_vii_liberty', 'MK.VII Liberty', 'Vandal', 'Deluxe', 1275, 'Art/Skins/Vandal/mk_vii_liberty', TRUE),
    ('skin_vandal_sarmad', 'Sarmad', 'Vandal', 'Deluxe', 1275, 'Art/Skins/Vandal/sarmad', TRUE),
    ('skin_vandal_team_ace', 'Team Ace', 'Vandal', 'Deluxe', 1275, 'Art/Skins/Vandal/team_ace', TRUE),
    ('skin_vandal_horizon', 'Horizon', 'Vandal', 'Deluxe', 1275, 'Art/Skins/Vandal/horizon', TRUE),
    ('skin_vandal_avalanche', 'Avalanche', 'Vandal', 'Deluxe', 1275, 'Art/Skins/Vandal/avalanche', TRUE),
    ('skin_vandal_nunca_olvidados', 'Nunca Olvidados', 'Vandal', 'Deluxe', 1275, 'Art/Skins/Vandal/nunca_olvidados', TRUE),
    ('skin_vandal_minima', 'Minima', 'Vandal', 'Deluxe', 1275, 'Art/Skins/Vandal/minima', TRUE),
    ('skin_vandal_silvanus', 'Silvanus', 'Vandal', 'Deluxe', 1275, 'Art/Skins/Vandal/silvanus', TRUE),
    ('skin_vandal_silkleaf', 'SilkLeaf', 'Vandal', 'Deluxe', 1275, 'Art/Skins/Vandal/silkleaf', TRUE),
    ('skin_vandal_luna', 'Luna', 'Vandal', 'Deluxe', 1275, 'Art/Skins/Vandal/luna', TRUE),
    ('skin_vandal_orion', 'Orion', 'Vandal', 'Deluxe', 1275, 'Art/Skins/Vandal/orion', TRUE),
    ('skin_vandal_sakura', 'Sakura', 'Vandal', 'Deluxe', 1275, 'Art/Skins/Vandal/sakura', TRUE),
    ('skin_vandal_titanmail', 'Titanmail', 'Vandal', 'Deluxe', 1275, 'Art/Skins/Vandal/titanmail', TRUE),
    ('skin_vandal_no_limits', 'NO LIMITS', 'Vandal', 'Deluxe', 1275, 'Art/Skins/Vandal/no_limits', TRUE),
    ('skin_vandal_holomoku', 'Holomoku', 'Vandal', 'Deluxe', 1275, 'Art/Skins/Vandal/holomoku', TRUE),
    ('skin_vandal_wasteland', 'Wasteland', 'Vandal', 'Deluxe', 1275, 'Art/Skins/Vandal/wasteland', TRUE),
    ('skin_vandal_winterwunderland', 'Winterwunderland', 'Vandal', 'Deluxe', 1275, 'Art/Skins/Vandal/winterwunderland', TRUE),
    ('skin_vandal_endeavour', 'Endeavour', 'Vandal', 'Select', 875, 'Art/Skins/Vandal/endeavour', TRUE),
    ('skin_vandal_prism_ii', 'Prism II', 'Vandal', 'Select', 875, 'Art/Skins/Vandal/prism_ii', TRUE),
    ('skin_vandal_smite', 'Smite', 'Vandal', 'Select', 875, 'Art/Skins/Vandal/smite', TRUE),
    ('skin_vandal_luxe', 'Luxe', 'Vandal', 'Select', 875, 'Art/Skins/Vandal/luxe', TRUE),
    ('skin_vandal_sensation', 'Sensation', 'Vandal', 'Select', 875, 'Art/Skins/Vandal/sensation', TRUE),
    ('skin_vandal_wonderstallion', 'Wonderstallion', 'Vandal', 'Select', 875, 'Art/Skins/Vandal/wonderstallion', TRUE),
    ('skin_vandal_storm_maw', 'Storm Maw', 'Vandal', 'Select', 875, 'Art/Skins/Vandal/storm_maw', TRUE),
    ('skin_vandal_immortalized', 'Immortalized', 'Vandal', 'Select', 875, 'Art/Skins/Vandal/immortalized', TRUE),
    ('skin_vandal_atlas_cmd', 'ATLAS // CMD', 'Vandal', 'Deluxe', 1275, 'Art/Skins/Vandal/atlas_cmd', TRUE),
    ('skin_vandal_champions_2021', 'Champions 2021', 'Vandal', 'Exclusive', 2175, 'Art/Skins/Vandal/champions_2021', TRUE),
    ('skin_vandal_champions_2023', 'Champions 2023', 'Vandal', 'Exclusive', 2175, 'Art/Skins/Vandal/champions_2023', TRUE),
    ('skin_vandal_comet', 'Comet', 'Vandal', 'Deluxe', 1275, 'Art/Skins/Vandal/comet', TRUE),
    ('skin_vandal_starlit_odyssey', 'Starlit Odyssey', 'Vandal', 'Select', 875, 'Art/Skins/Vandal/starlit_odyssey', TRUE),
    ('skin_vandal_nitro', 'Nitro', 'Vandal', 'Select', 875, 'Art/Skins/Vandal/nitro', TRUE),
    ('skin_vandal_hivemind', 'Hivemind', 'Vandal', 'Deluxe', 1275, 'Art/Skins/Vandal/hivemind', TRUE),
    ('skin_vandal_venturi', 'Venturi', 'Vandal', 'Deluxe', 1275, 'Art/Skins/Vandal/venturi', TRUE),
    ('skin_vandal_heartstopper', 'Heartstopper', 'Vandal', 'Deluxe', 1275, 'Art/Skins/Vandal/heartstopper', TRUE),
    ('skin_vandal_superset', 'Superset', 'Vandal', 'Select', 875, 'Art/Skins/Vandal/superset', TRUE),
    ('skin_vandal_ruin', 'Ruin', 'Vandal', 'Deluxe', 1275, 'Art/Skins/Vandal/ruin', TRUE),
    ('skin_vandal_exe', '.EXE', 'Vandal', 'Select', 875, 'Art/Skins/Vandal/exe', TRUE),
    ('skin_vandal_sys', '.SYS', 'Vandal', 'Deluxe', 1275, 'Art/Skins/Vandal/sys', TRUE),
    ('skin_vandal_bubble_pop', 'Bubble Pop', 'Vandal', 'Deluxe', 1275, 'Art/Skins/Vandal/bubble_pop', TRUE),
    ('skin_vandal_guardrail', 'Guardrail', 'Vandal', 'Deluxe', 1275, 'Art/Skins/Vandal/guardrail', TRUE),
    ('skin_vandal_k_tac', 'K/TAC', 'Vandal', 'Deluxe', 1275, 'Art/Skins/Vandal/k_tac', TRUE),
    ('skin_vandal_monstrocity', 'Monstrocity', 'Vandal', 'Select', 875, 'Art/Skins/Vandal/monstrocity', TRUE),
    ('skin_vandal_arcane', 'Arcane', 'Vandal', 'Exclusive', 2175, 'Art/Skins/Vandal/arcane', TRUE),
    ('skin_vandal_champions_2025', 'Champions 2025', 'Vandal', 'Exclusive', 2175, 'Art/Skins/Vandal/champions_2025', TRUE),
    ('skin_vandal_belaflaire', 'Belaflaire', 'Vandal', 'Select', 875, 'Art/Skins/Vandal/belaflaire', TRUE),
    ('skin_vandal_schema', 'Schema', 'Vandal', 'Select', 875, 'Art/Skins/Vandal/schema', TRUE),
    ('skin_vandal_keys_to_elysium', 'Keys to Elysium', 'Vandal', 'Deluxe', 1275, 'Art/Skins/Vandal/keys_to_elysium', TRUE),
    ('skin_vandal_lycan_s_bane', 'Lycan''s Bane', 'Vandal', 'Deluxe', 1275, 'Art/Skins/Vandal/lycan_s_bane', TRUE),
    ('skin_vandal_transition', 'Transition', 'Vandal', 'Deluxe', 1275, 'Art/Skins/Vandal/transition', TRUE),
    ('skin_vandal_byteshift', 'Byteshift', 'Vandal', 'Deluxe', 1275, 'Art/Skins/Vandal/byteshift', TRUE),
    ('skin_vandal_torque', 'Torque', 'Vandal', 'Deluxe', 1275, 'Art/Skins/Vandal/torque', TRUE),
    ('skin_vandal_cavalier', 'Cavalier', 'Vandal', 'Deluxe', 1275, 'Art/Skins/Vandal/cavalier', TRUE),
    ('skin_vandal_paceline', 'Paceline', 'Vandal', 'Deluxe', 1275, 'Art/Skins/Vandal/paceline', TRUE),
    ('skin_vandal_sandswept', 'Sandswept', 'Vandal', 'Deluxe', 1275, 'Art/Skins/Vandal/sandswept', TRUE),
    ('skin_vandal_depths', 'Depths', 'Vandal', 'Select', 875, 'Art/Skins/Vandal/depths', TRUE)
ON CONFLICT (id) DO UPDATE SET
    display_name = EXCLUDED.display_name,
    weapon       = EXCLUDED.weapon,
    rarity       = EXCLUDED.rarity,
    vp_value     = EXCLUDED.vp_value,
    image_ref    = EXCLUDED.image_ref,
    active       = EXCLUDED.active;

-- Deactivate every skin that is not part of the new Vandal catalog. Rows are kept
-- (not deleted) so inventory_items referencing old skins still resolve for display,
-- sell, and upgrade value lookups.
UPDATE skins SET active = FALSE WHERE id NOT IN (
    'skin_vandal_phaseguard',
    'skin_vandal_elderflame',
    'skin_vandal_ora_by_onetap',
    'skin_vandal_evori_dreamwings',
    'skin_vandal_ex_o',
    'skin_vandal_kuronami',
    'skin_vandal_rgx_11z_pro',
    'skin_vandal_divergence',
    'skin_vandal_araxys',
    'skin_vandal_glitchpop',
    'skin_vandal_chronovoid',
    'skin_vandal_prelude_to_chaos',
    'skin_vandal_imperium',
    'skin_vandal_singularity',
    'skin_vandal_dolmir_s_revenge',
    'skin_vandal_primordium',
    'skin_vandal_overdrive',
    'skin_vandal_rogue',
    'skin_vandal_blackthorn',
    'skin_vandal_holo_meridian',
    'skin_vandal_sentinels_of_light',
    'skin_vandal_mystbloom',
    'skin_vandal_cyrax',
    'skin_vandal_splashx',
    'skin_vandal_valorant_go_vol_2',
    'skin_vandal_neptune',
    'skin_vandal_gaia_s_vengeance',
    'skin_vandal_origin',
    'skin_vandal_forsaken',
    'skin_vandal_prime',
    'skin_vandal_xerfang',
    'skin_vandal_black_market',
    'skin_vandal_aemondir',
    'skin_vandal_solarstride',
    'skin_vandal_magepunk',
    'skin_vandal_valiant_hero',
    'skin_vandal_crimsonbeast',
    'skin_vandal_ion',
    'skin_vandal_oni',
    'skin_vandal_cryostasis',
    'skin_vandal_reaver',
    'skin_vandal_tethered_realms',
    'skin_vandal_ego',
    'skin_vandal_altitude',
    'skin_vandal_aristocrat',
    'skin_vandal_mk_vii_liberty',
    'skin_vandal_sarmad',
    'skin_vandal_team_ace',
    'skin_vandal_horizon',
    'skin_vandal_avalanche',
    'skin_vandal_nunca_olvidados',
    'skin_vandal_minima',
    'skin_vandal_silvanus',
    'skin_vandal_silkleaf',
    'skin_vandal_luna',
    'skin_vandal_orion',
    'skin_vandal_sakura',
    'skin_vandal_titanmail',
    'skin_vandal_no_limits',
    'skin_vandal_holomoku',
    'skin_vandal_wasteland',
    'skin_vandal_winterwunderland',
    'skin_vandal_endeavour',
    'skin_vandal_prism_ii',
    'skin_vandal_smite',
    'skin_vandal_luxe',
    'skin_vandal_sensation',
    'skin_vandal_wonderstallion',
    'skin_vandal_storm_maw',
    'skin_vandal_immortalized',
    'skin_vandal_atlas_cmd',
    'skin_vandal_champions_2021',
    'skin_vandal_champions_2023',
    'skin_vandal_comet',
    'skin_vandal_starlit_odyssey',
    'skin_vandal_nitro',
    'skin_vandal_hivemind',
    'skin_vandal_venturi',
    'skin_vandal_heartstopper',
    'skin_vandal_superset',
    'skin_vandal_ruin',
    'skin_vandal_exe',
    'skin_vandal_sys',
    'skin_vandal_bubble_pop',
    'skin_vandal_guardrail',
    'skin_vandal_k_tac',
    'skin_vandal_monstrocity',
    'skin_vandal_arcane',
    'skin_vandal_champions_2025',
    'skin_vandal_belaflaire',
    'skin_vandal_schema',
    'skin_vandal_keys_to_elysium',
    'skin_vandal_lycan_s_bane',
    'skin_vandal_transition',
    'skin_vandal_byteshift',
    'skin_vandal_torque',
    'skin_vandal_cavalier',
    'skin_vandal_paceline',
    'skin_vandal_sandswept',
    'skin_vandal_depths'
);

-- Vandal cases (6). Upsert by primary key id.
INSERT INTO case_definitions (id, display_name, price_vp, image_ref, active) VALUES
    ('vandal_basic', 'Basic Vandal Case', 500, 'Art/Cases/Basic_Vandal_Case', TRUE),
    ('vandal_tactical', 'Tactical Vandal Case', 1000, 'Art/Cases/Tactical_Vandal_Case', TRUE),
    ('vandal_elite', 'Elite Vandal Case', 2000, 'Art/Cases/Elite_Vandal_Case', TRUE),
    ('vandal_protocol', 'Protocol Vandal Case', 3500, 'Art/Cases/Protocol_Vandal_Case', TRUE),
    ('vandal_radiant', 'Radiant Vandal Case', 5000, 'Art/Cases/Radiant_Vandal_Case', TRUE),
    ('vandal_arcane', 'Arcane Vandal Case', 7000, 'Art/Cases/Arcane_Vandal_Case', TRUE)
ON CONFLICT (id) DO UPDATE SET
    display_name = EXCLUDED.display_name,
    price_vp     = EXCLUDED.price_vp,
    image_ref    = EXCLUDED.image_ref,
    active       = EXCLUDED.active;

-- Rebuild each case's drop pool: drop the old entries for these cases, then insert
-- the new pools. Nothing references case_entries, so deletion is safe.
DELETE FROM case_entries WHERE case_id IN ('vandal_basic','vandal_tactical','vandal_elite','vandal_protocol','vandal_radiant','vandal_arcane');

-- New drop-pool entries (106).
INSERT INTO case_entries (id, case_id, skin_id, weight) VALUES
    (gen_random_uuid(), 'vandal_basic', 'skin_vandal_belaflaire', 1),
    (gen_random_uuid(), 'vandal_basic', 'skin_vandal_depths', 1),
    (gen_random_uuid(), 'vandal_basic', 'skin_vandal_endeavour', 1),
    (gen_random_uuid(), 'vandal_basic', 'skin_vandal_exe', 1),
    (gen_random_uuid(), 'vandal_basic', 'skin_vandal_immortalized', 1),
    (gen_random_uuid(), 'vandal_basic', 'skin_vandal_luxe', 1),
    (gen_random_uuid(), 'vandal_basic', 'skin_vandal_monstrocity', 1),
    (gen_random_uuid(), 'vandal_basic', 'skin_vandal_nitro', 1),
    (gen_random_uuid(), 'vandal_basic', 'skin_vandal_prism_ii', 1),
    (gen_random_uuid(), 'vandal_basic', 'skin_vandal_altitude', 1),
    (gen_random_uuid(), 'vandal_basic', 'skin_vandal_aristocrat', 1),
    (gen_random_uuid(), 'vandal_basic', 'skin_vandal_atlas_cmd', 1),
    (gen_random_uuid(), 'vandal_basic', 'skin_vandal_avalanche', 1),
    (gen_random_uuid(), 'vandal_basic', 'skin_vandal_bubble_pop', 1),
    (gen_random_uuid(), 'vandal_basic', 'skin_vandal_byteshift', 1),
    (gen_random_uuid(), 'vandal_basic', 'skin_vandal_cavalier', 1),
    (gen_random_uuid(), 'vandal_basic', 'skin_vandal_comet', 1),
    (gen_random_uuid(), 'vandal_basic', 'skin_vandal_aemondir', 1),
    (gen_random_uuid(), 'vandal_basic', 'skin_vandal_black_market', 1),
    (gen_random_uuid(), 'vandal_tactical', 'skin_vandal_schema', 1),
    (gen_random_uuid(), 'vandal_tactical', 'skin_vandal_sensation', 1),
    (gen_random_uuid(), 'vandal_tactical', 'skin_vandal_smite', 1),
    (gen_random_uuid(), 'vandal_tactical', 'skin_vandal_starlit_odyssey', 1),
    (gen_random_uuid(), 'vandal_tactical', 'skin_vandal_storm_maw', 1),
    (gen_random_uuid(), 'vandal_tactical', 'skin_vandal_guardrail', 1),
    (gen_random_uuid(), 'vandal_tactical', 'skin_vandal_heartstopper', 1),
    (gen_random_uuid(), 'vandal_tactical', 'skin_vandal_hivemind', 1),
    (gen_random_uuid(), 'vandal_tactical', 'skin_vandal_holomoku', 1),
    (gen_random_uuid(), 'vandal_tactical', 'skin_vandal_horizon', 1),
    (gen_random_uuid(), 'vandal_tactical', 'skin_vandal_k_tac', 1),
    (gen_random_uuid(), 'vandal_tactical', 'skin_vandal_keys_to_elysium', 1),
    (gen_random_uuid(), 'vandal_tactical', 'skin_vandal_luna', 1),
    (gen_random_uuid(), 'vandal_tactical', 'skin_vandal_lycan_s_bane', 1),
    (gen_random_uuid(), 'vandal_tactical', 'skin_vandal_crimsonbeast', 1),
    (gen_random_uuid(), 'vandal_tactical', 'skin_vandal_cryostasis', 1),
    (gen_random_uuid(), 'vandal_tactical', 'skin_vandal_ego', 1),
    (gen_random_uuid(), 'vandal_tactical', 'skin_vandal_araxys', 1),
    (gen_random_uuid(), 'vandal_tactical', 'skin_vandal_arcane', 1),
    (gen_random_uuid(), 'vandal_elite', 'skin_vandal_superset', 1),
    (gen_random_uuid(), 'vandal_elite', 'skin_vandal_wonderstallion', 1),
    (gen_random_uuid(), 'vandal_elite', 'skin_vandal_minima', 1),
    (gen_random_uuid(), 'vandal_elite', 'skin_vandal_mk_vii_liberty', 1),
    (gen_random_uuid(), 'vandal_elite', 'skin_vandal_no_limits', 1),
    (gen_random_uuid(), 'vandal_elite', 'skin_vandal_nunca_olvidados', 1),
    (gen_random_uuid(), 'vandal_elite', 'skin_vandal_orion', 1),
    (gen_random_uuid(), 'vandal_elite', 'skin_vandal_paceline', 1),
    (gen_random_uuid(), 'vandal_elite', 'skin_vandal_ruin', 1),
    (gen_random_uuid(), 'vandal_elite', 'skin_vandal_sakura', 1),
    (gen_random_uuid(), 'vandal_elite', 'skin_vandal_forsaken', 1),
    (gen_random_uuid(), 'vandal_elite', 'skin_vandal_gaia_s_vengeance', 1),
    (gen_random_uuid(), 'vandal_elite', 'skin_vandal_ion', 1),
    (gen_random_uuid(), 'vandal_elite', 'skin_vandal_magepunk', 1),
    (gen_random_uuid(), 'vandal_elite', 'skin_vandal_blackthorn', 1),
    (gen_random_uuid(), 'vandal_elite', 'skin_vandal_champions_2021', 1),
    (gen_random_uuid(), 'vandal_elite', 'skin_vandal_champions_2023', 1),
    (gen_random_uuid(), 'vandal_elite', 'skin_vandal_champions_2025', 1),
    (gen_random_uuid(), 'vandal_protocol', 'skin_vandal_sandswept', 1),
    (gen_random_uuid(), 'vandal_protocol', 'skin_vandal_sarmad', 1),
    (gen_random_uuid(), 'vandal_protocol', 'skin_vandal_silkleaf', 1),
    (gen_random_uuid(), 'vandal_protocol', 'skin_vandal_silvanus', 1),
    (gen_random_uuid(), 'vandal_protocol', 'skin_vandal_sys', 1),
    (gen_random_uuid(), 'vandal_protocol', 'skin_vandal_team_ace', 1),
    (gen_random_uuid(), 'vandal_protocol', 'skin_vandal_neptune', 1),
    (gen_random_uuid(), 'vandal_protocol', 'skin_vandal_oni', 1),
    (gen_random_uuid(), 'vandal_protocol', 'skin_vandal_origin', 1),
    (gen_random_uuid(), 'vandal_protocol', 'skin_vandal_prime', 1),
    (gen_random_uuid(), 'vandal_protocol', 'skin_vandal_reaver', 1),
    (gen_random_uuid(), 'vandal_protocol', 'skin_vandal_chronovoid', 1),
    (gen_random_uuid(), 'vandal_protocol', 'skin_vandal_cyrax', 1),
    (gen_random_uuid(), 'vandal_protocol', 'skin_vandal_divergence', 1),
    (gen_random_uuid(), 'vandal_protocol', 'skin_vandal_dolmir_s_revenge', 1),
    (gen_random_uuid(), 'vandal_protocol', 'skin_vandal_ex_o', 1),
    (gen_random_uuid(), 'vandal_protocol', 'skin_vandal_elderflame', 1),
    (gen_random_uuid(), 'vandal_protocol', 'skin_vandal_evori_dreamwings', 1),
    (gen_random_uuid(), 'vandal_radiant', 'skin_vandal_titanmail', 1),
    (gen_random_uuid(), 'vandal_radiant', 'skin_vandal_torque', 1),
    (gen_random_uuid(), 'vandal_radiant', 'skin_vandal_transition', 1),
    (gen_random_uuid(), 'vandal_radiant', 'skin_vandal_venturi', 1),
    (gen_random_uuid(), 'vandal_radiant', 'skin_vandal_solarstride', 1),
    (gen_random_uuid(), 'vandal_radiant', 'skin_vandal_tethered_realms', 1),
    (gen_random_uuid(), 'vandal_radiant', 'skin_vandal_valiant_hero', 1),
    (gen_random_uuid(), 'vandal_radiant', 'skin_vandal_glitchpop', 1),
    (gen_random_uuid(), 'vandal_radiant', 'skin_vandal_holo_meridian', 1),
    (gen_random_uuid(), 'vandal_radiant', 'skin_vandal_imperium', 1),
    (gen_random_uuid(), 'vandal_radiant', 'skin_vandal_kuronami', 1),
    (gen_random_uuid(), 'vandal_radiant', 'skin_vandal_mystbloom', 1),
    (gen_random_uuid(), 'vandal_radiant', 'skin_vandal_overdrive', 1),
    (gen_random_uuid(), 'vandal_radiant', 'skin_vandal_ora_by_onetap', 1),
    (gen_random_uuid(), 'vandal_radiant', 'skin_vandal_phaseguard', 1),
    (gen_random_uuid(), 'vandal_radiant', 'skin_vandal_elderflame', 1),
    (gen_random_uuid(), 'vandal_radiant', 'skin_vandal_evori_dreamwings', 1),
    (gen_random_uuid(), 'vandal_arcane', 'skin_vandal_wasteland', 1),
    (gen_random_uuid(), 'vandal_arcane', 'skin_vandal_winterwunderland', 1),
    (gen_random_uuid(), 'vandal_arcane', 'skin_vandal_valorant_go_vol_2', 1),
    (gen_random_uuid(), 'vandal_arcane', 'skin_vandal_xerfang', 1),
    (gen_random_uuid(), 'vandal_arcane', 'skin_vandal_prelude_to_chaos', 1),
    (gen_random_uuid(), 'vandal_arcane', 'skin_vandal_primordium', 1),
    (gen_random_uuid(), 'vandal_arcane', 'skin_vandal_rgx_11z_pro', 1),
    (gen_random_uuid(), 'vandal_arcane', 'skin_vandal_rogue', 1),
    (gen_random_uuid(), 'vandal_arcane', 'skin_vandal_sentinels_of_light', 1),
    (gen_random_uuid(), 'vandal_arcane', 'skin_vandal_singularity', 1),
    (gen_random_uuid(), 'vandal_arcane', 'skin_vandal_splashx', 1),
    (gen_random_uuid(), 'vandal_arcane', 'skin_vandal_ora_by_onetap', 1),
    (gen_random_uuid(), 'vandal_arcane', 'skin_vandal_phaseguard', 1),
    (gen_random_uuid(), 'vandal_arcane', 'skin_vandal_elderflame', 1),
    (gen_random_uuid(), 'vandal_arcane', 'skin_vandal_evori_dreamwings', 1);
