-- ============================================================================
-- V25 - Catalog sync (generated from Unity skins.json + cases.json)
-- ============================================================================
-- Upserts all skins and cases and rebuilds the drop pools of the cases below.
-- Touches catalog tables only; never deletes players, inventory, wallets, or
-- history. Generated by tools/catalog/generate_catalog_migration.py.
-- ============================================================================

-- Skins (447). Upsert by primary key id.
INSERT INTO skins (id, display_name, weapon, rarity, vp_value, image_ref, active) VALUES
    ('skin_vandal_phaseguard', 'Phaseguard', 'Vandal', 'Ultra', 2475, 'Art/Skins/Vandal/phaseguard', TRUE),
    ('skin_vandal_elderflame', 'Elderflame', 'Vandal', 'Ultra', 2475, 'Art/Skins/Vandal/elderflame', TRUE),
    ('skin_vandal_ora_by_onetap', 'ORA by OneTap', 'Vandal', 'Ultra', 2475, 'Art/Skins/Vandal/ora_by_onetap', TRUE),
    ('skin_vandal_evori_dreamwings', 'Evori Dreamwings', 'Vandal', 'Ultra', 2475, 'Art/Skins/Vandal/evori_dreamwings', TRUE),
    ('skin_vandal_ex_o', 'EX.O', 'Vandal', 'Exclusive', 2175, 'Art/Skins/Vandal/ex_o', TRUE),
    ('skin_vandal_kuronami', 'Kuronami', 'Vandal', 'Exclusive', 2175, 'Art/Skins/Vandal/kuronami', TRUE),
    ('skin_vandal_rgx_11z_pro', 'RGX 11z Pro', 'Vandal', 'Exclusive', 2175, 'Art/Skins/Vandal/rgx_11z_pro', TRUE),
    ('skin_vandal_divergence', 'Divergence', 'Vandal', 'Exclusive', 2175, 'Art/Skins/Vandal/divergence', TRUE),
    ('skin_vandal_araxys', 'Araxys', 'Vandal', 'Exclusive', 2175, 'Art/Skins/Vandal/araxys', TRUE),
    ('skin_vandal_glitchpop', 'Glitchpop', 'Vandal', 'Exclusive', 2175, 'Art/Skins/Vandal/glitchpop', TRUE),
    ('skin_vandal_chronovoid', 'ChronoVoid', 'Vandal', 'Exclusive', 2175, 'Art/Skins/Vandal/chronovoid', TRUE),
    ('skin_vandal_prelude_to_chaos', 'Prelude to Chaos', 'Vandal', 'Exclusive', 2175, 'Art/Skins/Vandal/prelude_to_chaos', TRUE),
    ('skin_vandal_imperium', 'Imperium', 'Vandal', 'Exclusive', 2175, 'Art/Skins/Vandal/imperium', TRUE),
    ('skin_vandal_singularity', 'Singularity', 'Vandal', 'Exclusive', 2175, 'Art/Skins/Vandal/singularity', TRUE),
    ('skin_vandal_dolmir_s_revenge', 'Dolmir''s Revenge', 'Vandal', 'Exclusive', 2175, 'Art/Skins/Vandal/dolmir_s_revenge', TRUE),
    ('skin_vandal_primordium', 'Primordium', 'Vandal', 'Exclusive', 2175, 'Art/Skins/Vandal/primordium', TRUE),
    ('skin_vandal_overdrive', 'Overdrive', 'Vandal', 'Exclusive', 2175, 'Art/Skins/Vandal/overdrive', TRUE),
    ('skin_vandal_rogue', 'Rogue', 'Vandal', 'Exclusive', 2175, 'Art/Skins/Vandal/rogue', TRUE),
    ('skin_vandal_blackthorn', 'Blackthorn', 'Vandal', 'Exclusive', 2175, 'Art/Skins/Vandal/blackthorn', TRUE),
    ('skin_vandal_holo_meridian', 'Holo Meridian', 'Vandal', 'Exclusive', 2175, 'Art/Skins/Vandal/holo_meridian', TRUE),
    ('skin_vandal_sentinels_of_light', 'Sentinels of Light', 'Vandal', 'Exclusive', 2175, 'Art/Skins/Vandal/sentinels_of_light', TRUE),
    ('skin_vandal_mystbloom', 'Mystbloom', 'Vandal', 'Exclusive', 2175, 'Art/Skins/Vandal/mystbloom', TRUE),
    ('skin_vandal_cyrax', 'CYRAX', 'Vandal', 'Exclusive', 2175, 'Art/Skins/Vandal/cyrax', TRUE),
    ('skin_vandal_splashx', 'SplashX', 'Vandal', 'Exclusive', 2175, 'Art/Skins/Vandal/splashx', TRUE),
    ('skin_vandal_valorant_go_vol_2', 'VALORANT GO! Vol. 2', 'Vandal', 'Premium', 1775, 'Art/Skins/Vandal/valorant_go_vol_2', TRUE),
    ('skin_vandal_neptune', 'Neptune', 'Vandal', 'Premium', 1775, 'Art/Skins/Vandal/neptune', TRUE),
    ('skin_vandal_gaia_s_vengeance', 'Gaia''s Vengeance', 'Vandal', 'Premium', 1775, 'Art/Skins/Vandal/gaia_s_vengeance', TRUE),
    ('skin_vandal_origin', 'Origin', 'Vandal', 'Premium', 1775, 'Art/Skins/Vandal/origin', TRUE),
    ('skin_vandal_forsaken', 'Forsaken', 'Vandal', 'Premium', 1775, 'Art/Skins/Vandal/forsaken', TRUE),
    ('skin_vandal_prime', 'Prime', 'Vandal', 'Premium', 1775, 'Art/Skins/Vandal/prime', TRUE),
    ('skin_vandal_xerfang', 'XERØFANG', 'Vandal', 'Premium', 1775, 'Art/Skins/Vandal/xerfang', TRUE),
    ('skin_vandal_black_market', 'Black.Market', 'Vandal', 'Premium', 1775, 'Art/Skins/Vandal/black_market', TRUE),
    ('skin_vandal_aemondir', 'Aemondir', 'Vandal', 'Premium', 1775, 'Art/Skins/Vandal/aemondir', TRUE),
    ('skin_vandal_solarstride', 'Solarstride', 'Vandal', 'Premium', 1775, 'Art/Skins/Vandal/solarstride', TRUE),
    ('skin_vandal_magepunk', 'Magepunk', 'Vandal', 'Premium', 1775, 'Art/Skins/Vandal/magepunk', TRUE),
    ('skin_vandal_valiant_hero', 'Valiant Hero', 'Vandal', 'Premium', 1775, 'Art/Skins/Vandal/valiant_hero', TRUE),
    ('skin_vandal_crimsonbeast', 'Crimsonbeast', 'Vandal', 'Premium', 1775, 'Art/Skins/Vandal/crimsonbeast', TRUE),
    ('skin_vandal_ion', 'Ion', 'Vandal', 'Premium', 1775, 'Art/Skins/Vandal/ion', TRUE),
    ('skin_vandal_oni', 'Oni', 'Vandal', 'Premium', 1775, 'Art/Skins/Vandal/oni', TRUE),
    ('skin_vandal_cryostasis', 'Cryostasis', 'Vandal', 'Premium', 1775, 'Art/Skins/Vandal/cryostasis', TRUE),
    ('skin_vandal_reaver', 'Reaver', 'Vandal', 'Premium', 1775, 'Art/Skins/Vandal/reaver', TRUE),
    ('skin_vandal_tethered_realms', 'Tethered Realms', 'Vandal', 'Premium', 1775, 'Art/Skins/Vandal/tethered_realms', TRUE),
    ('skin_vandal_ego', 'Ego', 'Vandal', 'Premium', 1775, 'Art/Skins/Vandal/ego', TRUE),
    ('skin_vandal_altitude', 'Altitude', 'Vandal', 'Deluxe', 1275, 'Art/Skins/Vandal/altitude', TRUE),
    ('skin_vandal_aristocrat', 'Aristocrat', 'Vandal', 'Deluxe', 1275, 'Art/Skins/Vandal/aristocrat', TRUE),
    ('skin_vandal_mk_vii_liberty', 'MK.VII Liberty', 'Vandal', 'Deluxe', 1275, 'Art/Skins/Vandal/mk_vii_liberty', TRUE),
    ('skin_vandal_sarmad', 'Sarmad', 'Vandal', 'Deluxe', 1275, 'Art/Skins/Vandal/sarmad', TRUE),
    ('skin_vandal_team_ace', 'Team Ace', 'Vandal', 'Deluxe', 1275, 'Art/Skins/Vandal/team_ace', TRUE),
    ('skin_vandal_horizon', 'Horizon', 'Vandal', 'Deluxe', 1275, 'Art/Skins/Vandal/horizon', TRUE),
    ('skin_vandal_avalanche', 'Avalanche', 'Vandal', 'Deluxe', 1275, 'Art/Skins/Vandal/avalanche', TRUE),
    ('skin_vandal_nunca_olvidados', 'Nunca Olvidados', 'Vandal', 'Deluxe', 1275, 'Art/Skins/Vandal/nunca_olvidados', TRUE),
    ('skin_vandal_minima', 'Minima', 'Vandal', 'Deluxe', 1275, 'Art/Skins/Vandal/minima', TRUE),
    ('skin_vandal_silvanus', 'Silvanus', 'Vandal', 'Deluxe', 1275, 'Art/Skins/Vandal/silvanus', TRUE),
    ('skin_vandal_silkleaf', 'SilkLeaf', 'Vandal', 'Deluxe', 1275, 'Art/Skins/Vandal/silkleaf', TRUE),
    ('skin_vandal_luna', 'Luna', 'Vandal', 'Deluxe', 1275, 'Art/Skins/Vandal/luna', TRUE),
    ('skin_vandal_orion', 'Orion', 'Vandal', 'Deluxe', 1275, 'Art/Skins/Vandal/orion', TRUE),
    ('skin_vandal_sakura', 'Sakura', 'Vandal', 'Deluxe', 1275, 'Art/Skins/Vandal/sakura', TRUE),
    ('skin_vandal_titanmail', 'Titanmail', 'Vandal', 'Deluxe', 1275, 'Art/Skins/Vandal/titanmail', TRUE),
    ('skin_vandal_no_limits', 'NO LIMITS', 'Vandal', 'Deluxe', 1275, 'Art/Skins/Vandal/no_limits', TRUE),
    ('skin_vandal_holomoku', 'Holomoku', 'Vandal', 'Deluxe', 1275, 'Art/Skins/Vandal/holomoku', TRUE),
    ('skin_vandal_wasteland', 'Wasteland', 'Vandal', 'Deluxe', 1275, 'Art/Skins/Vandal/wasteland', TRUE),
    ('skin_vandal_winterwunderland', 'Winterwunderland', 'Vandal', 'Deluxe', 1275, 'Art/Skins/Vandal/winterwunderland', TRUE),
    ('skin_vandal_endeavour', 'Endeavour', 'Vandal', 'Select', 875, 'Art/Skins/Vandal/endeavour', TRUE),
    ('skin_vandal_prism_ii', 'Prism II', 'Vandal', 'Select', 875, 'Art/Skins/Vandal/prism_ii', TRUE),
    ('skin_vandal_smite', 'Smite', 'Vandal', 'Select', 875, 'Art/Skins/Vandal/smite', TRUE),
    ('skin_vandal_luxe', 'Luxe', 'Vandal', 'Select', 875, 'Art/Skins/Vandal/luxe', TRUE),
    ('skin_vandal_sensation', 'Sensation', 'Vandal', 'Select', 875, 'Art/Skins/Vandal/sensation', TRUE),
    ('skin_vandal_wonderstallion', 'Wonderstallion', 'Vandal', 'Select', 875, 'Art/Skins/Vandal/wonderstallion', TRUE),
    ('skin_vandal_storm_maw', 'Storm Maw', 'Vandal', 'Select', 875, 'Art/Skins/Vandal/storm_maw', TRUE),
    ('skin_vandal_immortalized', 'Immortalized', 'Vandal', 'Select', 875, 'Art/Skins/Vandal/immortalized', TRUE),
    ('skin_vandal_atlas_cmd', 'ATLAS // CMD', 'Vandal', 'Deluxe', 1275, 'Art/Skins/Vandal/atlas_cmd', TRUE),
    ('skin_vandal_champions_2021', 'Champions 2021', 'Vandal', 'Exclusive', 2175, 'Art/Skins/Vandal/champions_2021', TRUE),
    ('skin_vandal_champions_2023', 'Champions 2023', 'Vandal', 'Exclusive', 2175, 'Art/Skins/Vandal/champions_2023', TRUE),
    ('skin_vandal_comet', 'Comet', 'Vandal', 'Deluxe', 1275, 'Art/Skins/Vandal/comet', TRUE),
    ('skin_vandal_starlit_odyssey', 'Starlit Odyssey', 'Vandal', 'Select', 875, 'Art/Skins/Vandal/starlit_odyssey', TRUE),
    ('skin_vandal_nitro', 'Nitro', 'Vandal', 'Select', 875, 'Art/Skins/Vandal/nitro', TRUE),
    ('skin_vandal_hivemind', 'Hivemind', 'Vandal', 'Deluxe', 1275, 'Art/Skins/Vandal/hivemind', TRUE),
    ('skin_vandal_venturi', 'Venturi', 'Vandal', 'Deluxe', 1275, 'Art/Skins/Vandal/venturi', TRUE),
    ('skin_vandal_heartstopper', 'Heartstopper', 'Vandal', 'Deluxe', 1275, 'Art/Skins/Vandal/heartstopper', TRUE),
    ('skin_vandal_superset', 'Superset', 'Vandal', 'Select', 875, 'Art/Skins/Vandal/superset', TRUE),
    ('skin_vandal_ruin', 'Ruin', 'Vandal', 'Deluxe', 1275, 'Art/Skins/Vandal/ruin', TRUE),
    ('skin_vandal_exe', '.EXE', 'Vandal', 'Select', 875, 'Art/Skins/Vandal/exe', TRUE),
    ('skin_vandal_sys', '.SYS', 'Vandal', 'Deluxe', 1275, 'Art/Skins/Vandal/sys', TRUE),
    ('skin_vandal_bubble_pop', 'Bubble Pop', 'Vandal', 'Deluxe', 1275, 'Art/Skins/Vandal/bubble_pop', TRUE),
    ('skin_vandal_guardrail', 'Guardrail', 'Vandal', 'Deluxe', 1275, 'Art/Skins/Vandal/guardrail', TRUE),
    ('skin_vandal_k_tac', 'K/TAC', 'Vandal', 'Deluxe', 1275, 'Art/Skins/Vandal/k_tac', TRUE),
    ('skin_vandal_monstrocity', 'Monstrocity', 'Vandal', 'Select', 875, 'Art/Skins/Vandal/monstrocity', TRUE),
    ('skin_vandal_arcane', 'Arcane', 'Vandal', 'Exclusive', 2175, 'Art/Skins/Vandal/arcane', TRUE),
    ('skin_vandal_champions_2025', 'Champions 2025', 'Vandal', 'Exclusive', 2175, 'Art/Skins/Vandal/champions_2025', TRUE),
    ('skin_vandal_belaflaire', 'Belaflaire', 'Vandal', 'Select', 875, 'Art/Skins/Vandal/belaflaire', TRUE),
    ('skin_vandal_schema', 'Schema', 'Vandal', 'Select', 875, 'Art/Skins/Vandal/schema', TRUE),
    ('skin_vandal_keys_to_elysium', 'Keys to Elysium', 'Vandal', 'Deluxe', 1275, 'Art/Skins/Vandal/keys_to_elysium', TRUE),
    ('skin_vandal_lycan_s_bane', 'Lycan''s Bane', 'Vandal', 'Deluxe', 1275, 'Art/Skins/Vandal/lycan_s_bane', TRUE),
    ('skin_vandal_transition', 'Transition', 'Vandal', 'Deluxe', 1275, 'Art/Skins/Vandal/transition', TRUE),
    ('skin_vandal_byteshift', 'Byteshift', 'Vandal', 'Deluxe', 1275, 'Art/Skins/Vandal/byteshift', TRUE),
    ('skin_vandal_torque', 'Torque', 'Vandal', 'Deluxe', 1275, 'Art/Skins/Vandal/torque', TRUE),
    ('skin_vandal_cavalier', 'Cavalier', 'Vandal', 'Deluxe', 1275, 'Art/Skins/Vandal/cavalier', TRUE),
    ('skin_vandal_paceline', 'Paceline', 'Vandal', 'Deluxe', 1275, 'Art/Skins/Vandal/paceline', TRUE),
    ('skin_vandal_sandswept', 'Sandswept', 'Vandal', 'Deluxe', 1275, 'Art/Skins/Vandal/sandswept', TRUE),
    ('skin_vandal_depths', 'Depths', 'Vandal', 'Select', 875, 'Art/Skins/Vandal/depths', TRUE),
    ('skin_melee_power_fist', 'Power Fist', 'Melee', 'Exclusive', 5950, 'Art/Skins/Melee/power_fist', TRUE),
    ('skin_melee_araxys_bio_atomizers', 'Araxys Bio-Atomizers', 'Melee', 'Exclusive', 5350, 'Art/Skins/Melee/araxys_bio_atomizers', TRUE),
    ('skin_melee_waveform', 'Waveform', 'Melee', 'Exclusive', 5350, 'Art/Skins/Melee/waveform', TRUE),
    ('skin_melee_phaseguard_splitter', 'Phaseguard Splitter', 'Melee', 'Exclusive', 5350, 'Art/Skins/Melee/phaseguard_splitter', TRUE),
    ('skin_melee_nocturnum_scythe', 'Nocturnum Scythe', 'Melee', 'Exclusive', 5350, 'Art/Skins/Melee/nocturnum_scythe', TRUE),
    ('skin_melee_ex_o_edge', 'EX.O Edge', 'Melee', 'Exclusive', 5350, 'Art/Skins/Melee/ex_o_edge', TRUE),
    ('skin_melee_kuronami_no_yaiba', 'Kuronami no Yaiba', 'Melee', 'Exclusive', 5350, 'Art/Skins/Melee/kuronami_no_yaiba', TRUE),
    ('skin_melee_kuronami_naru_kami', 'Kuronami Naru-Kami', 'Melee', 'Exclusive', 5350, 'Art/Skins/Melee/kuronami_naru_kami', TRUE),
    ('skin_melee_onimaru_kunitsuna', 'Onimaru Kunitsuna', 'Melee', 'Exclusive', 5350, 'Art/Skins/Melee/onimaru_kunitsuna', TRUE),
    ('skin_melee_reaver_butterfly', 'Reaver Butterfly', 'Melee', 'Exclusive', 5350, 'Art/Skins/Melee/reaver_butterfly', TRUE),
    ('skin_melee_cyrax_fanblade', 'CYRAX Fanblade', 'Melee', 'Exclusive', 5350, 'Art/Skins/Melee/cyrax_fanblade', TRUE),
    ('skin_melee_kogitsune', 'Kogitsune', 'Melee', 'Exclusive', 5350, 'Art/Skins/Melee/kogitsune', TRUE),
    ('skin_melee_elderflame_dagger', 'Elderflame Dagger', 'Melee', 'Exclusive', 4950, 'Art/Skins/Melee/elderflame_dagger', TRUE),
    ('skin_melee_ora_by_onetap', 'ORA by OneTap', 'Melee', 'Exclusive', 4950, 'Art/Skins/Melee/ora_by_onetap', TRUE),
    ('skin_melee_personal_administrative_melee_unit', 'Personal Administrative Melee Unit', 'Melee', 'Exclusive', 4950, 'Art/Skins/Melee/personal_administrative_melee_unit', TRUE),
    ('skin_melee_evori_s_spellcaster', 'Evori''s Spellcaster', 'Melee', 'Exclusive', 4950, 'Art/Skins/Melee/evori_s_spellcaster', TRUE),
    ('skin_melee_rgx_11z_pro_blade', 'RGX 11z Pro Blade', 'Melee', 'Exclusive', 4350, 'Art/Skins/Melee/rgx_11z_pro_blade', TRUE),
    ('skin_melee_rgx_11z_pro_firefly', 'RGX 11z Pro Firefly', 'Melee', 'Exclusive', 4350, 'Art/Skins/Melee/rgx_11z_pro_firefly', TRUE),
    ('skin_melee_rgx_11z_pro_karambit', 'RGX 11z Pro Karambit', 'Melee', 'Exclusive', 4350, 'Art/Skins/Melee/rgx_11z_pro_karambit', TRUE),
    ('skin_melee_divergence_staff', 'Divergence Staff', 'Melee', 'Exclusive', 4350, 'Art/Skins/Melee/divergence_staff', TRUE),
    ('skin_melee_araxys_bio_harvester', 'Araxys Bio Harvester', 'Melee', 'Exclusive', 4350, 'Art/Skins/Melee/araxys_bio_harvester', TRUE),
    ('skin_melee_bolt', 'Bolt', 'Melee', 'Exclusive', 4350, 'Art/Skins/Melee/bolt', TRUE),
    ('skin_melee_doombringer_battleaxe', 'Doombringer Battleaxe', 'Melee', 'Exclusive', 4350, 'Art/Skins/Melee/doombringer_battleaxe', TRUE),
    ('skin_melee_glitchpop_dagger', 'Glitchpop Dagger', 'Melee', 'Exclusive', 4350, 'Art/Skins/Melee/glitchpop_dagger', TRUE),
    ('skin_melee_glitchpop_axe', 'Glitchpop Axe', 'Melee', 'Exclusive', 4350, 'Art/Skins/Melee/glitchpop_axe', TRUE),
    ('skin_melee_terminus_a_quo', 'Terminus A Quo', 'Melee', 'Exclusive', 4350, 'Art/Skins/Melee/terminus_a_quo', TRUE),
    ('skin_melee_blade_of_chaos', 'Blade of Chaos', 'Melee', 'Exclusive', 4350, 'Art/Skins/Melee/blade_of_chaos', TRUE),
    ('skin_melee_flail_of_chaos', 'Flail of Chaos', 'Melee', 'Exclusive', 4350, 'Art/Skins/Melee/flail_of_chaos', TRUE),
    ('skin_melee_blades_of_imperium', 'Blades of Imperium', 'Melee', 'Exclusive', 4350, 'Art/Skins/Melee/blades_of_imperium', TRUE),
    ('skin_melee_singularity', 'Singularity', 'Melee', 'Exclusive', 4350, 'Art/Skins/Melee/singularity', TRUE),
    ('skin_melee_singularity_butterfly', 'Singularity Butterfly', 'Melee', 'Exclusive', 4350, 'Art/Skins/Melee/singularity_butterfly', TRUE),
    ('skin_melee_dolmir_s_judgement', 'Dolmir''s Judgement', 'Melee', 'Exclusive', 4350, 'Art/Skins/Melee/dolmir_s_judgement', TRUE),
    ('skin_melee_neo_frontier_axe', 'Neo Frontier Axe', 'Melee', 'Exclusive', 4350, 'Art/Skins/Melee/neo_frontier_axe', TRUE),
    ('skin_melee_bubblegum_deathwish_chainsaw', 'Bubblegum Deathwish Chainsaw', 'Melee', 'Exclusive', 4350, 'Art/Skins/Melee/bubblegum_deathwish_chainsaw', TRUE),
    ('skin_melee_blades_of_primordia', 'Blades of Primordia', 'Melee', 'Exclusive', 4350, 'Art/Skins/Melee/blades_of_primordia', TRUE),
    ('skin_melee_xerfang', 'XERØFANG', 'Melee', 'Exclusive', 4350, 'Art/Skins/Melee/xerfang', TRUE),
    ('skin_melee_broken_blade_of_the_ruined_king', 'Broken Blade of the Ruined King', 'Melee', 'Exclusive', 4350, 'Art/Skins/Melee/broken_blade_of_the_ruined_king', TRUE),
    ('skin_melee_magepunk_sparkswitch', 'Magepunk Sparkswitch', 'Melee', 'Exclusive', 4350, 'Art/Skins/Melee/magepunk_sparkswitch', TRUE),
    ('skin_melee_ruyi_staff', 'Ruyi Staff', 'Melee', 'Exclusive', 4350, 'Art/Skins/Melee/ruyi_staff', TRUE),
    ('skin_melee_overdrive_blade', 'Overdrive Blade', 'Melee', 'Exclusive', 4350, 'Art/Skins/Melee/overdrive_blade', TRUE),
    ('skin_melee_ion_karambit', 'Ion Karambit', 'Melee', 'Exclusive', 4350, 'Art/Skins/Melee/ion_karambit', TRUE),
    ('skin_melee_rogue_push_daggers', 'Rogue Push Daggers', 'Melee', 'Exclusive', 4350, 'Art/Skins/Melee/rogue_push_daggers', TRUE),
    ('skin_melee_blackthorn_blades', 'Blackthorn Blades', 'Melee', 'Exclusive', 4350, 'Art/Skins/Melee/blackthorn_blades', TRUE),
    ('skin_melee_holoflare', 'Holoflare', 'Melee', 'Exclusive', 4350, 'Art/Skins/Melee/holoflare', TRUE),
    ('skin_melee_helix_daggers', 'Helix Daggers', 'Melee', 'Exclusive', 4350, 'Art/Skins/Melee/helix_daggers', TRUE),
    ('skin_melee_relic_of_the_sentinel', 'Relic of the Sentinel', 'Melee', 'Exclusive', 4350, 'Art/Skins/Melee/relic_of_the_sentinel', TRUE),
    ('skin_melee_relic_stone_daggers', 'Relic Stone Daggers', 'Melee', 'Exclusive', 4350, 'Art/Skins/Melee/relic_stone_daggers', TRUE),
    ('skin_melee_reaver_karambit', 'Reaver Karambit', 'Melee', 'Exclusive', 4350, 'Art/Skins/Melee/reaver_karambit', TRUE),
    ('skin_melee_eternal_sovereign', 'Eternal Sovereign', 'Melee', 'Exclusive', 4350, 'Art/Skins/Melee/eternal_sovereign', TRUE),
    ('skin_melee_mystbloom_kunai', 'Mystbloom Kunai', 'Melee', 'Exclusive', 4350, 'Art/Skins/Melee/mystbloom_kunai', TRUE),
    ('skin_melee_mystbloom_fanblade', 'Mystbloom Fanblade', 'Melee', 'Exclusive', 4350, 'Art/Skins/Melee/mystbloom_fanblade', TRUE),
    ('skin_melee_blastx_polymer_knifetech_coated', 'BlastX Polymer KnifeTech Coated', 'Melee', 'Exclusive', 4350, 'Art/Skins/Melee/blastx_polymer_knifetech_coated', TRUE),
    ('skin_melee_splashx_gloves', 'SplashX Gloves', 'Melee', 'Exclusive', 4350, 'Art/Skins/Melee/splashx_gloves', TRUE),
    ('skin_melee_xenohunter', 'Xenohunter', 'Melee', 'Exclusive', 3550, 'Art/Skins/Melee/xenohunter', TRUE),
    ('skin_melee_valorant_go_vol_1', 'VALORANT GO! Vol. 1', 'Melee', 'Exclusive', 3550, 'Art/Skins/Melee/valorant_go_vol_1', TRUE),
    ('skin_melee_yoru_s_stylish_butterfly_comb', 'Yoru''s Stylish Butterfly Comb', 'Melee', 'Exclusive', 3550, 'Art/Skins/Melee/yoru_s_stylish_butterfly_comb', TRUE),
    ('skin_melee_neptune_anchor', 'Neptune Anchor', 'Melee', 'Exclusive', 3550, 'Art/Skins/Melee/neptune_anchor', TRUE),
    ('skin_melee_neptune_hook', 'Neptune Hook', 'Melee', 'Exclusive', 3550, 'Art/Skins/Melee/neptune_hook', TRUE),
    ('skin_melee_gaia_s_wrath', 'Gaia''s Wrath', 'Melee', 'Exclusive', 3550, 'Art/Skins/Melee/gaia_s_wrath', TRUE),
    ('skin_melee_gaia_s_fury', 'Gaia''s Fury', 'Melee', 'Exclusive', 3550, 'Art/Skins/Melee/gaia_s_fury', TRUE),
    ('skin_melee_origin_crescent_blade', 'Origin Crescent Blade', 'Melee', 'Exclusive', 3550, 'Art/Skins/Melee/origin_crescent_blade', TRUE),
    ('skin_melee_radiant_crisis_001_baseball_bat', 'Radiant Crisis 001 Baseball Bat', 'Melee', 'Exclusive', 3550, 'Art/Skins/Melee/radiant_crisis_001_baseball_bat', TRUE),
    ('skin_melee_nebula', 'Nebula', 'Melee', 'Exclusive', 3550, 'Art/Skins/Melee/nebula', TRUE),
    ('skin_melee_hack', 'Hack', 'Melee', 'Exclusive', 3550, 'Art/Skins/Melee/hack', TRUE),
    ('skin_melee_forsaken_ritual_blade', 'Forsaken Ritual Blade', 'Melee', 'Exclusive', 3550, 'Art/Skins/Melee/forsaken_ritual_blade', TRUE),
    ('skin_melee_soulstrife_scythe', 'Soulstrife Scythe', 'Melee', 'Exclusive', 3550, 'Art/Skins/Melee/soulstrife_scythe', TRUE),
    ('skin_melee_prime_axe', 'Prime Axe', 'Melee', 'Exclusive', 3550, 'Art/Skins/Melee/prime_axe', TRUE),
    ('skin_melee_prime_2_0_karambit', 'Prime//2.0 Karambit', 'Melee', 'Exclusive', 3550, 'Art/Skins/Melee/prime_2_0_karambit', TRUE),
    ('skin_melee_black_market_butterfly', 'Black.Market Butterfly', 'Melee', 'Exclusive', 3550, 'Art/Skins/Melee/black_market_butterfly', TRUE),
    ('skin_melee_blade_of_aemondir', 'Blade of Aemondir', 'Melee', 'Exclusive', 3550, 'Art/Skins/Melee/blade_of_aemondir', TRUE),
    ('skin_melee_solarstride_flamethrower', 'Solarstride Flamethrower', 'Melee', 'Exclusive', 3550, 'Art/Skins/Melee/solarstride_flamethrower', TRUE),
    ('skin_melee_celestial_fan', 'Celestial Fan', 'Melee', 'Exclusive', 3550, 'Art/Skins/Melee/celestial_fan', TRUE),
    ('skin_melee_magepunk_electroblade', 'Magepunk Electroblade', 'Melee', 'Exclusive', 3550, 'Art/Skins/Melee/magepunk_electroblade', TRUE),
    ('skin_melee_magepunk_shock_gauntlet', 'Magepunk Shock Gauntlet', 'Melee', 'Exclusive', 3550, 'Art/Skins/Melee/magepunk_shock_gauntlet', TRUE),
    ('skin_melee_spline_dagger', 'Spline Dagger', 'Melee', 'Exclusive', 3550, 'Art/Skins/Melee/spline_dagger', TRUE),
    ('skin_melee_minima_karambit', 'Minima Karambit', 'Melee', 'Exclusive', 3550, 'Art/Skins/Melee/minima_karambit', TRUE),
    ('skin_melee_crimsonbeast_hammer', 'Crimsonbeast Hammer', 'Melee', 'Exclusive', 3550, 'Art/Skins/Melee/crimsonbeast_hammer', TRUE),
    ('skin_melee_ion_energy_sword', 'Ion Energy Sword', 'Melee', 'Exclusive', 3550, 'Art/Skins/Melee/ion_energy_sword', TRUE),
    ('skin_melee_oni_claw', 'Oni Claw', 'Melee', 'Exclusive', 3550, 'Art/Skins/Melee/oni_claw', TRUE),
    ('skin_melee_cryostasis_impact_drill', 'Cryostasis Impact Drill', 'Melee', 'Exclusive', 3550, 'Art/Skins/Melee/cryostasis_impact_drill', TRUE),
    ('skin_melee_luna_s_descent', 'Luna''s Descent', 'Melee', 'Exclusive', 3550, 'Art/Skins/Melee/luna_s_descent', TRUE),
    ('skin_melee_gravitational_uranium_neuroblaster_baton', 'Gravitational Uranium Neuroblaster Baton', 'Melee', 'Exclusive', 3550, 'Art/Skins/Melee/gravitational_uranium_neuroblaster_baton', TRUE),
    ('skin_melee_reaver', 'Reaver', 'Melee', 'Exclusive', 3550, 'Art/Skins/Melee/reaver', TRUE),
    ('skin_melee_sovereign_sword', 'Sovereign Sword', 'Melee', 'Exclusive', 3550, 'Art/Skins/Melee/sovereign_sword', TRUE),
    ('skin_melee_prosperity', 'Prosperity', 'Melee', 'Exclusive', 3550, 'Art/Skins/Melee/prosperity', TRUE),
    ('skin_melee_recon_balisong', 'Recon Balisong', 'Melee', 'Exclusive', 3550, 'Art/Skins/Melee/recon_balisong', TRUE),
    ('skin_melee_wonderstallion_hammer', 'Wonderstallion Hammer', 'Melee', 'Exclusive', 3550, 'Art/Skins/Melee/wonderstallion_hammer', TRUE),
    ('skin_melee_ego', 'Ego', 'Melee', 'Exclusive', 3550, 'Art/Skins/Melee/ego', TRUE),
    ('skin_melee_altitude_knuckle', 'Altitude Knuckle', 'Melee', 'Exclusive', 2550, 'Art/Skins/Melee/altitude_knuckle', TRUE),
    ('skin_melee_valorant_go_vol_3_dagger', 'VALORANT GO! Vol. 3 Dagger', 'Melee', 'Exclusive', 2550, 'Art/Skins/Melee/valorant_go_vol_3_dagger', TRUE),
    ('skin_melee_mk_vii_liberty_combat', 'MK.VII Liberty Combat', 'Melee', 'Exclusive', 2550, 'Art/Skins/Melee/mk_vii_liberty_combat', TRUE),
    ('skin_melee_aperture_stiletto', 'Aperture Stiletto', 'Melee', 'Exclusive', 2550, 'Art/Skins/Melee/aperture_stiletto', TRUE),
    ('skin_melee_emberclad_hammer', 'Emberclad Hammer', 'Melee', 'Exclusive', 2550, 'Art/Skins/Melee/emberclad_hammer', TRUE),
    ('skin_melee_caeruleus', 'Caeruleus', 'Melee', 'Exclusive', 2550, 'Art/Skins/Melee/caeruleus', TRUE),
    ('skin_melee_nanomight_knuckles', 'Nanomight Knuckles', 'Melee', 'Exclusive', 2550, 'Art/Skins/Melee/nanomight_knuckles', TRUE),
    ('skin_melee_blade_of_serket', 'Blade of Serket', 'Melee', 'Exclusive', 2550, 'Art/Skins/Melee/blade_of_serket', TRUE),
    ('skin_melee_chromedek_gauntlet', 'Chromedek Gauntlet', 'Melee', 'Exclusive', 2550, 'Art/Skins/Melee/chromedek_gauntlet', TRUE),
    ('skin_melee_jellybeam_sugarslice', 'Jellybeam Sugarslice', 'Melee', 'Exclusive', 2550, 'Art/Skins/Melee/jellybeam_sugarslice', TRUE),
    ('skin_melee_prism', 'Prism', 'Melee', 'Exclusive', 2550, 'Art/Skins/Melee/prism', TRUE),
    ('skin_melee_equilibrium', 'Equilibrium', 'Melee', 'Exclusive', 2550, 'Art/Skins/Melee/equilibrium', TRUE),
    ('skin_melee_catrina', 'Catrina', 'Melee', 'Exclusive', 2550, 'Art/Skins/Melee/catrina', TRUE),
    ('skin_melee_combat_crafts_axe', 'Combat Crafts Axe', 'Melee', 'Exclusive', 2550, 'Art/Skins/Melee/combat_crafts_axe', TRUE),
    ('skin_melee_silkleaf_fan', 'SilkLeaf Fan', 'Melee', 'Exclusive', 2550, 'Art/Skins/Melee/silkleaf_fan', TRUE),
    ('skin_melee_orion_sword', 'Orion Sword', 'Melee', 'Exclusive', 2550, 'Art/Skins/Melee/orion_sword', TRUE),
    ('skin_melee_snowfall_wand', 'Snowfall Wand', 'Melee', 'Exclusive', 2550, 'Art/Skins/Melee/snowfall_wand', TRUE),
    ('skin_melee_titanmail_mace', 'Titanmail Mace', 'Melee', 'Exclusive', 2550, 'Art/Skins/Melee/titanmail_mace', TRUE),
    ('skin_melee_hu_else', 'Hu Else', 'Melee', 'Exclusive', 2550, 'Art/Skins/Melee/hu_else', TRUE),
    ('skin_melee_no_limits_bat', 'NO LIMITS Bat', 'Melee', 'Exclusive', 2550, 'Art/Skins/Melee/no_limits_bat', TRUE),
    ('skin_melee_kaimana', 'Kaimana', 'Melee', 'Exclusive', 2550, 'Art/Skins/Melee/kaimana', TRUE),
    ('skin_melee_wasteland_crowbar', 'Wasteland Crowbar', 'Melee', 'Exclusive', 2550, 'Art/Skins/Melee/wasteland_crowbar', TRUE),
    ('skin_melee_winterwunderland_candy_cane', 'Winterwunderland Candy Cane', 'Melee', 'Exclusive', 2550, 'Art/Skins/Melee/winterwunderland_candy_cane', TRUE),
    ('skin_melee_intergrade_blade', 'Intergrade Blade', 'Melee', 'Exclusive', 1750, 'Art/Skins/Melee/intergrade_blade', TRUE),
    ('skin_melee_smite', 'Smite', 'Melee', 'Exclusive', 1750, 'Art/Skins/Melee/smite', TRUE),
    ('skin_melee_smite_hammer', 'Smite Hammer', 'Melee', 'Exclusive', 1750, 'Art/Skins/Melee/smite_hammer', TRUE),
    ('skin_melee_daydreams_crowbar', 'Daydreams Crowbar', 'Melee', 'Exclusive', 1750, 'Art/Skins/Melee/daydreams_crowbar', TRUE),
    ('skin_melee_luxe', 'Luxe', 'Melee', 'Exclusive', 1750, 'Art/Skins/Melee/luxe', TRUE),
    ('skin_melee_switchback_ascender', 'Switchback Ascender', 'Melee', 'Exclusive', 1750, 'Art/Skins/Melee/switchback_ascender', TRUE),
    ('skin_melee_reverie_sword', 'Reverie Sword', 'Melee', 'Exclusive', 1750, 'Art/Skins/Melee/reverie_sword', TRUE),
    ('skin_melee_fortune_s_scepter', 'Fortune''s Scepter', 'Melee', 'Exclusive', 1750, 'Art/Skins/Melee/fortune_s_scepter', TRUE),
    ('skin_melee_storm_maw_axe', 'Storm Maw Axe', 'Melee', 'Exclusive', 1750, 'Art/Skins/Melee/storm_maw_axe', TRUE),
    ('skin_melee_task_force_809', 'Task Force 809', 'Melee', 'Exclusive', 1750, 'Art/Skins/Melee/task_force_809', TRUE),
    ('skin_melee_champions_2021_karambit', 'Champions 2021 Karambit', 'Melee', 'Exclusive', 5350, 'Art/Skins/Melee/champions_2021_karambit', TRUE),
    ('skin_melee_champions_2022_butterfly', 'Champions 2022 Butterfly', 'Melee', 'Exclusive', 5350, 'Art/Skins/Melee/champions_2022_butterfly', TRUE),
    ('skin_melee_champions_2023_kunai', 'Champions 2023 Kunai', 'Melee', 'Exclusive', 5350, 'Art/Skins/Melee/champions_2023_kunai', TRUE),
    ('skin_melee_champions_2024_blade', 'Champions 2024 Blade', 'Melee', 'Exclusive', 5350, 'Art/Skins/Melee/champions_2024_blade', TRUE),
    ('skin_melee_champions_2025_butterfly', 'Champions 2025 Butterfly', 'Melee', 'Exclusive', 5350, 'Art/Skins/Melee/champions_2025_butterfly', TRUE),
    ('skin_melee_vct_2025_karambit', 'VCT 2025 Karambit', 'Melee', 'Exclusive', 5350, 'Art/Skins/Melee/vct_2025_karambit', TRUE),
    ('skin_melee_vct_2026_sigil', 'VCT 2026 Sigil', 'Melee', 'Exclusive', 5350, 'Art/Skins/Melee/vct_2026_sigil', TRUE),
    ('skin_melee_obsidiana', 'Obsidiana', 'Melee', 'Exclusive', 1750, 'Art/Skins/Melee/obsidiana', TRUE),
    ('skin_melee_composite', 'Composite', 'Melee', 'Exclusive', 1750, 'Art/Skins/Melee/composite', TRUE),
    ('skin_melee_atlas_cmd_baton', 'ATLAS // CMD Baton', 'Melee', 'Exclusive', 1750, 'Art/Skins/Melee/atlas_cmd_baton', TRUE),
    ('skin_melee_overlay_dagger', 'Overlay Dagger', 'Melee', 'Exclusive', 1750, 'Art/Skins/Melee/overlay_dagger', TRUE),
    ('skin_melee_striker', 'Striker', 'Melee', 'Exclusive', 1750, 'Art/Skins/Melee/striker', TRUE),
    ('skin_melee_comet_sword', 'Comet Sword', 'Melee', 'Exclusive', 1750, 'Art/Skins/Melee/comet_sword', TRUE),
    ('skin_melee_songsteel', 'Songsteel', 'Melee', 'Exclusive', 1750, 'Art/Skins/Melee/songsteel', TRUE),
    ('skin_melee_vct_lock_in_misericordia', 'VCT LOCK//IN Misericórdia', 'Melee', 'Exclusive', 5350, 'Art/Skins/Melee/vct_lock_in_misericordia', TRUE),
    ('skin_melee_hivemind_sword', 'Hivemind Sword', 'Melee', 'Exclusive', 1750, 'Art/Skins/Melee/hivemind_sword', TRUE),
    ('skin_melee_venturi', 'Venturi', 'Melee', 'Exclusive', 1750, 'Art/Skins/Melee/venturi', TRUE),
    ('skin_melee_velocity_karambit', 'Velocity Karambit', 'Melee', 'Exclusive', 1750, 'Art/Skins/Melee/velocity_karambit', TRUE),
    ('skin_melee_heart_splitter', 'Heart Splitter', 'Melee', 'Exclusive', 1750, 'Art/Skins/Melee/heart_splitter', TRUE),
    ('skin_melee_interhelm_sword', 'Interhelm Sword', 'Melee', 'Exclusive', 1750, 'Art/Skins/Melee/interhelm_sword', TRUE),
    ('skin_melee_ruin_dagger', 'Ruin Dagger', 'Melee', 'Exclusive', 1750, 'Art/Skins/Melee/ruin_dagger', TRUE),
    ('skin_melee_sys', '.SYS', 'Melee', 'Exclusive', 1750, 'Art/Skins/Melee/sys', TRUE),
    ('skin_melee_hieroscape_blades', 'Hieroscape Blades', 'Melee', 'Exclusive', 1750, 'Art/Skins/Melee/hieroscape_blades', TRUE),
    ('skin_melee_bubble_pop_light_stick', 'Bubble Pop Light Stick', 'Melee', 'Exclusive', 1750, 'Art/Skins/Melee/bubble_pop_light_stick', TRUE),
    ('skin_melee_outpost', 'Outpost', 'Melee', 'Exclusive', 1750, 'Art/Skins/Melee/outpost', TRUE),
    ('skin_melee_guardrail_hammer', 'Guardrail Hammer', 'Melee', 'Exclusive', 1750, 'Art/Skins/Melee/guardrail_hammer', TRUE),
    ('skin_melee_bound', 'Bound', 'Melee', 'Exclusive', 1750, 'Art/Skins/Melee/bound', TRUE),
    ('skin_melee_prism_iii_axe', 'Prism III Axe', 'Melee', 'Exclusive', 1750, 'Art/Skins/Melee/prism_iii_axe', TRUE),
    ('skin_melee_kingdom', 'Kingdom', 'Melee', 'Exclusive', 1750, 'Art/Skins/Melee/kingdom', TRUE),
    ('skin_melee_k_tac_blade', 'K/TAC Blade', 'Melee', 'Exclusive', 1750, 'Art/Skins/Melee/k_tac_blade', TRUE),
    ('skin_melee_iridian_thorn_blade', 'Iridian Thorn Blade', 'Melee', 'Exclusive', 1750, 'Art/Skins/Melee/iridian_thorn_blade', TRUE),
    ('skin_melee_arcane_gauntlets', 'Arcane Gauntlets', 'Melee', 'Exclusive', 4350, 'Art/Skins/Melee/arcane_gauntlets', TRUE),
    ('skin_melee_montage_axe', 'Montage Axe', 'Melee', 'Exclusive', 1750, 'Art/Skins/Melee/montage_axe', TRUE),
    ('skin_melee_genesis_arc', 'Genesis Arc', 'Melee', 'Exclusive', 1750, 'Art/Skins/Melee/genesis_arc', TRUE),
    ('skin_melee_artisan_foil', 'Artisan Foil', 'Melee', 'Exclusive', 1750, 'Art/Skins/Melee/artisan_foil', TRUE),
    ('skin_melee_keys_to_elysium', 'Keys to Elysium', 'Melee', 'Exclusive', 1750, 'Art/Skins/Melee/keys_to_elysium', TRUE),
    ('skin_melee_hi_dr0_baton', 'Hi-DR0 Baton', 'Melee', 'Exclusive', 1750, 'Art/Skins/Melee/hi_dr0_baton', TRUE),
    ('skin_melee_shellspire_sword', 'Shellspire Sword', 'Melee', 'Exclusive', 1750, 'Art/Skins/Melee/shellspire_sword', TRUE),
    ('skin_melee_transition', 'Transition', 'Melee', 'Exclusive', 1750, 'Art/Skins/Melee/transition', TRUE),
    ('skin_melee_byteshift', 'Byteshift', 'Melee', 'Exclusive', 1750, 'Art/Skins/Melee/byteshift', TRUE),
    ('skin_melee_torque_coiler', 'Torque Coiler', 'Melee', 'Exclusive', 1750, 'Art/Skins/Melee/torque_coiler', TRUE),
    ('skin_melee_paceline_s_edge', 'Paceline''s Edge', 'Melee', 'Exclusive', 1750, 'Art/Skins/Melee/paceline_s_edge', TRUE),
    ('skin_melee_tilde', 'Tilde', 'Melee', 'Exclusive', 1750, 'Art/Skins/Melee/tilde', TRUE),
    ('skin_melee_sandswept_dagger', 'Sandswept Dagger', 'Melee', 'Exclusive', 1750, 'Art/Skins/Melee/sandswept_dagger', TRUE),
    ('skin_melee_solarex_relic', 'Solarex Relic', 'Melee', 'Exclusive', 1750, 'Art/Skins/Melee/solarex_relic', TRUE),
    ('skin_melee_5_years_beta_remastered', '5 Years // Beta Remastered', 'Melee', 'Exclusive', 4350, 'Art/Skins/Melee/5_years_beta_remastered', TRUE),
    ('skin_melee_ignite_fan', 'Ignite Fan', 'Melee', 'Exclusive', 4950, 'Art/Skins/Melee/ignite_fan', TRUE),
    ('skin_ghost_radiant_entertainment_system', 'Radiant Entertainment System', 'Ghost', 'Ultra', 2475, 'Art/Skins/Ghost/radiant_entertainment_system', TRUE),
    ('skin_ghost_phaseguard', 'Phaseguard', 'Ghost', 'Ultra', 2475, 'Art/Skins/Ghost/phaseguard', TRUE),
    ('skin_ghost_evori_dreamwings', 'Evori Dreamwings', 'Ghost', 'Ultra', 2475, 'Art/Skins/Ghost/evori_dreamwings', TRUE),
    ('skin_ghost_kuronami', 'Kuronami', 'Ghost', 'Exclusive', 2175, 'Art/Skins/Ghost/kuronami', TRUE),
    ('skin_ghost_ayakashi', 'Ayakashi', 'Ghost', 'Exclusive', 2175, 'Art/Skins/Ghost/ayakashi', TRUE),
    ('skin_ghost_singularity', 'Singularity', 'Ghost', 'Exclusive', 2175, 'Art/Skins/Ghost/singularity', TRUE),
    ('skin_ghost_ruination', 'Ruination', 'Ghost', 'Exclusive', 2175, 'Art/Skins/Ghost/ruination', TRUE),
    ('skin_ghost_mystbloom', 'Mystbloom', 'Ghost', 'Exclusive', 2175, 'Art/Skins/Ghost/mystbloom', TRUE),
    ('skin_ghost_cyrax', 'CYRAX', 'Ghost', 'Exclusive', 2175, 'Art/Skins/Ghost/cyrax', TRUE),
    ('skin_ghost_valorant_go_vol_1', 'VALORANT GO! Vol. 1', 'Ghost', 'Premium', 1775, 'Art/Skins/Ghost/valorant_go_vol_1', TRUE),
    ('skin_ghost_gaia_s_vengeance', 'Gaia''s Vengeance', 'Ghost', 'Premium', 1775, 'Art/Skins/Ghost/gaia_s_vengeance', TRUE),
    ('skin_ghost_soulstrife', 'Soulstrife', 'Ghost', 'Premium', 1775, 'Art/Skins/Ghost/soulstrife', TRUE),
    ('skin_ghost_xerfang', 'XERØFANG', 'Ghost', 'Premium', 1775, 'Art/Skins/Ghost/xerfang', TRUE),
    ('skin_ghost_magepunk', 'Magepunk', 'Ghost', 'Premium', 1775, 'Art/Skins/Ghost/magepunk', TRUE),
    ('skin_ghost_valiant_hero', 'Valiant Hero', 'Ghost', 'Premium', 1775, 'Art/Skins/Ghost/valiant_hero', TRUE),
    ('skin_ghost_reaver', 'Reaver', 'Ghost', 'Premium', 1775, 'Art/Skins/Ghost/reaver', TRUE),
    ('skin_ghost_sovereign', 'Sovereign', 'Ghost', 'Premium', 1775, 'Art/Skins/Ghost/sovereign', TRUE),
    ('skin_ghost_tethered_realms', 'Tethered Realms', 'Ghost', 'Premium', 1775, 'Art/Skins/Ghost/tethered_realms', TRUE),
    ('skin_ghost_recon', 'Recon', 'Ghost', 'Premium', 1775, 'Art/Skins/Ghost/recon', TRUE),
    ('skin_ghost_ego', 'Ego', 'Ghost', 'Premium', 1775, 'Art/Skins/Ghost/ego', TRUE),
    ('skin_ghost_valorant_go_vol_3', 'VALORANT GO! Vol. 3', 'Ghost', 'Deluxe', 1275, 'Art/Skins/Ghost/valorant_go_vol_3', TRUE),
    ('skin_ghost_aperture', 'Aperture', 'Ghost', 'Deluxe', 1275, 'Art/Skins/Ghost/aperture', TRUE),
    ('skin_ghost_prism', 'Prism', 'Ghost', 'Deluxe', 1275, 'Art/Skins/Ghost/prism', TRUE),
    ('skin_ghost_minima', 'Minima', 'Ghost', 'Deluxe', 1275, 'Art/Skins/Ghost/minima', TRUE),
    ('skin_ghost_luna', 'Luna', 'Ghost', 'Deluxe', 1275, 'Art/Skins/Ghost/luna', TRUE),
    ('skin_ghost_no_limits', 'NO LIMITS', 'Ghost', 'Deluxe', 1275, 'Art/Skins/Ghost/no_limits', TRUE),
    ('skin_ghost_winterwunderland', 'Winterwunderland', 'Ghost', 'Deluxe', 1275, 'Art/Skins/Ghost/winterwunderland', TRUE),
    ('skin_ghost_endeavour', 'Endeavour', 'Ghost', 'Select', 875, 'Art/Skins/Ghost/endeavour', TRUE),
    ('skin_ghost_infantry', 'Infantry', 'Ghost', 'Select', 875, 'Art/Skins/Ghost/infantry', TRUE),
    ('skin_ghost_smite', 'Smite', 'Ghost', 'Select', 875, 'Art/Skins/Ghost/smite', TRUE),
    ('skin_ghost_luxe', 'Luxe', 'Ghost', 'Select', 875, 'Art/Skins/Ghost/luxe', TRUE),
    ('skin_ghost_rupture', 'Rupture', 'Ghost', 'Select', 875, 'Art/Skins/Ghost/rupture', TRUE),
    ('skin_ghost_fortune_s_hand', 'Fortune''s Hand', 'Ghost', 'Select', 875, 'Art/Skins/Ghost/fortune_s_hand', TRUE),
    ('skin_ghost_flutter', 'Flutter', 'Ghost', 'Select', 875, 'Art/Skins/Ghost/flutter', TRUE),
    ('skin_ghost_fiber_optic', 'Fiber Optic', 'Ghost', 'Select', 875, 'Art/Skins/Ghost/fiber_optic', TRUE),
    ('skin_ghost_frequency', 'Frequency', 'Ghost', 'Select', 875, 'Art/Skins/Ghost/frequency', TRUE),
    ('skin_ghost_celestia', 'Celestia', 'Ghost', 'Select', 875, 'Art/Skins/Ghost/celestia', TRUE),
    ('skin_ghost_piedra_del_sol', 'Piedra del Sol', 'Ghost', 'Deluxe', 1275, 'Art/Skins/Ghost/piedra_del_sol', TRUE),
    ('skin_ghost_bumble_brigade', 'Bumble Brigade', 'Ghost', 'Select', 875, 'Art/Skins/Ghost/bumble_brigade', TRUE),
    ('skin_ghost_tacti_treat', 'Tacti-Treat', 'Ghost', 'Select', 875, 'Art/Skins/Ghost/tacti_treat', TRUE),
    ('skin_ghost_comet', 'Comet', 'Ghost', 'Deluxe', 1275, 'Art/Skins/Ghost/comet', TRUE),
    ('skin_ghost_starlit_odyssey', 'Starlit Odyssey', 'Ghost', 'Select', 875, 'Art/Skins/Ghost/starlit_odyssey', TRUE),
    ('skin_ghost_topotek', 'Topotek', 'Ghost', 'Select', 875, 'Art/Skins/Ghost/topotek', TRUE),
    ('skin_ghost_spitfire', 'Spitfire', 'Ghost', 'Select', 875, 'Art/Skins/Ghost/spitfire', TRUE),
    ('skin_ghost_heartstopper', 'Heartstopper', 'Ghost', 'Deluxe', 1275, 'Art/Skins/Ghost/heartstopper', TRUE),
    ('skin_ghost_exe', '.EXE', 'Ghost', 'Select', 875, 'Art/Skins/Ghost/exe', TRUE),
    ('skin_ghost_hush', 'Hush', 'Ghost', 'Select', 875, 'Art/Skins/Ghost/hush', TRUE),
    ('skin_ghost_digihex', 'Digihex', 'Ghost', 'Select', 875, 'Art/Skins/Ghost/digihex', TRUE),
    ('skin_ghost_goldwing', 'Goldwing', 'Ghost', 'Select', 875, 'Art/Skins/Ghost/goldwing', TRUE),
    ('skin_ghost_outpost', 'Outpost', 'Ghost', 'Select', 875, 'Art/Skins/Ghost/outpost', TRUE),
    ('skin_ghost_serenity', 'Serenity', 'Ghost', 'Select', 875, 'Art/Skins/Ghost/serenity', TRUE),
    ('skin_ghost_belaflaire', 'Belaflaire', 'Ghost', 'Select', 875, 'Art/Skins/Ghost/belaflaire', TRUE),
    ('skin_ghost_libretto', 'Libretto', 'Ghost', 'Select', 875, 'Art/Skins/Ghost/libretto', TRUE),
    ('skin_ghost_artisan', 'Artisan', 'Ghost', 'Deluxe', 1275, 'Art/Skins/Ghost/artisan', TRUE),
    ('skin_ghost_jigsaw', 'Jigsaw', 'Ghost', 'Select', 875, 'Art/Skins/Ghost/jigsaw', TRUE),
    ('skin_ghost_eclipse', 'Eclipse', 'Ghost', 'Select', 875, 'Art/Skins/Ghost/eclipse', TRUE),
    ('skin_ghost_lycan_s_bane', 'Lycan''s Bane', 'Ghost', 'Deluxe', 1275, 'Art/Skins/Ghost/lycan_s_bane', TRUE),
    ('skin_ghost_byteshift', 'Byteshift', 'Ghost', 'Deluxe', 1275, 'Art/Skins/Ghost/byteshift', TRUE),
    ('skin_ghost_cavalier', 'Cavalier', 'Ghost', 'Deluxe', 1275, 'Art/Skins/Ghost/cavalier', TRUE),
    ('skin_ghost_freehand', 'Freehand', 'Ghost', 'Select', 875, 'Art/Skins/Ghost/freehand', TRUE),
    ('skin_ghost_gridcrash', 'Gridcrash', 'Ghost', 'Select', 875, 'Art/Skins/Ghost/gridcrash', TRUE),
    ('skin_ghost_depths', 'Depths', 'Ghost', 'Select', 875, 'Art/Skins/Ghost/depths', TRUE),
    ('skin_ghost_vendetta', 'Vendetta', 'Ghost', 'Select', 875, 'Art/Skins/Ghost/vendetta', TRUE),
    ('skin_ghost_soul_silencer', 'Soul Silencer', 'Ghost', 'Select', 875, 'Art/Skins/Ghost/soul_silencer', TRUE),
    ('skin_classic_spectrum', 'Spectrum', 'Classic', 'Exclusive', 2675, 'Art/Skins/Classic/spectrum', TRUE),
    ('skin_classic_rgx_11z_pro', 'RGX 11z Pro', 'Classic', 'Exclusive', 2175, 'Art/Skins/Classic/rgx_11z_pro', TRUE),
    ('skin_classic_divergence', 'Divergence', 'Classic', 'Exclusive', 2175, 'Art/Skins/Classic/divergence', TRUE),
    ('skin_classic_nocturnum', 'Nocturnum', 'Classic', 'Exclusive', 2175, 'Art/Skins/Classic/nocturnum', TRUE),
    ('skin_classic_glitchpop', 'Glitchpop', 'Classic', 'Exclusive', 2175, 'Art/Skins/Classic/glitchpop', TRUE),
    ('skin_classic_dolmir_s_revenge', 'Dolmir''s Revenge', 'Classic', 'Exclusive', 2175, 'Art/Skins/Classic/dolmir_s_revenge', TRUE),
    ('skin_classic_blackthorn', 'Blackthorn', 'Classic', 'Exclusive', 2175, 'Art/Skins/Classic/blackthorn', TRUE),
    ('skin_classic_valorant_go_vol_2', 'VALORANT GO! Vol. 2', 'Classic', 'Premium', 1775, 'Art/Skins/Classic/valorant_go_vol_2', TRUE),
    ('skin_classic_neptune', 'Neptune', 'Classic', 'Premium', 1775, 'Art/Skins/Classic/neptune', TRUE),
    ('skin_classic_radiant_crisis_001', 'Radiant Crisis 001', 'Classic', 'Premium', 1775, 'Art/Skins/Classic/radiant_crisis_001', TRUE),
    ('skin_classic_undercity', 'Undercity', 'Classic', 'Premium', 1775, 'Art/Skins/Classic/undercity', TRUE),
    ('skin_classic_forsaken', 'Forsaken', 'Classic', 'Premium', 1775, 'Art/Skins/Classic/forsaken', TRUE),
    ('skin_classic_prime', 'Prime', 'Classic', 'Premium', 1775, 'Art/Skins/Classic/prime', TRUE),
    ('skin_classic_black_market', 'Black.Market', 'Classic', 'Premium', 1775, 'Art/Skins/Classic/black_market', TRUE),
    ('skin_classic_spline', 'Spline', 'Classic', 'Premium', 1775, 'Art/Skins/Classic/spline', TRUE),
    ('skin_classic_cryostasis', 'Cryostasis', 'Classic', 'Premium', 1775, 'Art/Skins/Classic/cryostasis', TRUE),
    ('skin_classic_gravitational_uranium_neuroblaster', 'Gravitational Uranium Neuroblaster', 'Classic', 'Premium', 1775, 'Art/Skins/Classic/gravitational_uranium_neuroblaster', TRUE),
    ('skin_classic_avalanche', 'Avalanche', 'Classic', 'Deluxe', 1275, 'Art/Skins/Classic/avalanche', TRUE),
    ('skin_classic_kohaku_matsuba', 'Kohaku & Matsuba', 'Classic', 'Deluxe', 1275, 'Art/Skins/Classic/kohaku_matsuba', TRUE),
    ('skin_classic_sakura', 'Sakura', 'Classic', 'Deluxe', 1275, 'Art/Skins/Classic/sakura', TRUE),
    ('skin_classic_snowfall', 'Snowfall', 'Classic', 'Deluxe', 1275, 'Art/Skins/Classic/snowfall', TRUE),
    ('skin_classic_intergrade', 'Intergrade', 'Classic', 'Select', 875, 'Art/Skins/Classic/intergrade', TRUE),
    ('skin_classic_smite', 'Smite', 'Classic', 'Select', 875, 'Art/Skins/Classic/smite', TRUE),
    ('skin_classic_daydreams', 'Daydreams', 'Classic', 'Select', 875, 'Art/Skins/Classic/daydreams', TRUE),
    ('skin_classic_galleria', 'Galleria', 'Classic', 'Select', 875, 'Art/Skins/Classic/galleria', TRUE),
    ('skin_classic_switchback', 'Switchback', 'Classic', 'Select', 875, 'Art/Skins/Classic/switchback', TRUE),
    ('skin_classic_reverie', 'Reverie', 'Classic', 'Select', 875, 'Art/Skins/Classic/reverie', TRUE),
    ('skin_classic_storm_maw', 'Storm Maw', 'Classic', 'Select', 875, 'Art/Skins/Classic/storm_maw', TRUE),
    ('skin_classic_resolution', 'Resolution', 'Classic', 'Select', 875, 'Art/Skins/Classic/resolution', TRUE),
    ('skin_classic_steel_resolve', 'Steel Resolve', 'Classic', 'Select', 875, 'Art/Skins/Classic/steel_resolve', TRUE),
    ('skin_classic_headbanger', 'Headbanger', 'Classic', 'Select', 875, 'Art/Skins/Classic/headbanger', TRUE),
    ('skin_classic_fiber_optic', 'Fiber Optic', 'Classic', 'Select', 875, 'Art/Skins/Classic/fiber_optic', TRUE),
    ('skin_classic_atlas_cmd', 'ATLAS // CMD', 'Classic', 'Deluxe', 1275, 'Art/Skins/Classic/atlas_cmd', TRUE),
    ('skin_classic_pistolinha', 'Pistolinha', 'Classic', 'Select', 875, 'Art/Skins/Classic/pistolinha', TRUE),
    ('skin_classic_striker', 'Striker', 'Classic', 'Select', 875, 'Art/Skins/Classic/striker', TRUE),
    ('skin_classic_red_alert', 'Red Alert', 'Classic', 'Select', 875, 'Art/Skins/Classic/red_alert', TRUE),
    ('skin_classic_finesse', 'Finesse', 'Classic', 'Select', 875, 'Art/Skins/Classic/finesse', TRUE),
    ('skin_classic_surge', 'Surge', 'Classic', 'Select', 875, 'Art/Skins/Classic/surge', TRUE),
    ('skin_classic_songsteel', 'Songsteel', 'Classic', 'Deluxe', 1275, 'Art/Skins/Classic/songsteel', TRUE),
    ('skin_classic_interhelm', 'Interhelm', 'Classic', 'Deluxe', 1275, 'Art/Skins/Classic/interhelm', TRUE),
    ('skin_classic_superset', 'Superset', 'Classic', 'Select', 875, 'Art/Skins/Classic/superset', TRUE),
    ('skin_classic_shimmer', 'Shimmer', 'Classic', 'Select', 875, 'Art/Skins/Classic/shimmer', TRUE),
    ('skin_classic_fire_arm', 'FIRE/arm', 'Classic', 'Select', 875, 'Art/Skins/Classic/fire_arm', TRUE),
    ('skin_classic_goldwing', 'Goldwing', 'Classic', 'Select', 875, 'Art/Skins/Classic/goldwing', TRUE),
    ('skin_classic_bubble_pop', 'Bubble Pop', 'Classic', 'Deluxe', 1275, 'Art/Skins/Classic/bubble_pop', TRUE),
    ('skin_classic_bound', 'Bound', 'Classic', 'Deluxe', 1275, 'Art/Skins/Classic/bound', TRUE),
    ('skin_classic_prism_iii', 'Prism III', 'Classic', 'Select', 875, 'Art/Skins/Classic/prism_iii', TRUE),
    ('skin_classic_yoonseul', 'Yoonseul', 'Classic', 'Select', 875, 'Art/Skins/Classic/yoonseul', TRUE),
    ('skin_classic_kingdom', 'Kingdom', 'Classic', 'Deluxe', 1275, 'Art/Skins/Classic/kingdom', TRUE),
    ('skin_classic_tacti_series', 'Tacti-Series', 'Classic', 'Select', 875, 'Art/Skins/Classic/tacti_series', TRUE),
    ('skin_classic_9_lives', '9 Lives', 'Classic', 'Select', 875, 'Art/Skins/Classic/9_lives', TRUE),
    ('skin_classic_premiere_collision', 'Premiere Collision', 'Classic', 'Select', 875, 'Art/Skins/Classic/premiere_collision', TRUE),
    ('skin_classic_panoramic', 'Panoramic', 'Classic', 'Select', 875, 'Art/Skins/Classic/panoramic', TRUE),
    ('skin_classic_torque', 'Torque', 'Classic', 'Deluxe', 1275, 'Art/Skins/Classic/torque', TRUE),
    ('skin_classic_infinity', 'Infinity', 'Classic', 'Deluxe', 1275, 'Art/Skins/Classic/infinity', TRUE),
    ('skin_classic_refractrix', 'Refractrix', 'Classic', 'Select', 875, 'Art/Skins/Classic/refractrix', TRUE),
    ('skin_classic_final_chamber', 'Final Chamber', 'Classic', 'Select', 875, 'Art/Skins/Classic/final_chamber', TRUE),
    ('skin_bulldog_radiant_entertainment_system', 'Radiant Entertainment System', 'Bulldog', 'Ultra', 2975, 'Art/Skins/Bulldog/radiant_entertainment_system', TRUE),
    ('skin_bulldog_spectrum', 'Spectrum', 'Bulldog', 'Exclusive', 2675, 'Art/Skins/Bulldog/spectrum', TRUE),
    ('skin_bulldog_phaseguard', 'Phaseguard', 'Bulldog', 'Ultra', 2475, 'Art/Skins/Bulldog/phaseguard', TRUE),
    ('skin_bulldog_protocol_781_a', 'Protocol 781-A', 'Bulldog', 'Ultra', 2475, 'Art/Skins/Bulldog/protocol_781_a', TRUE),
    ('skin_bulldog_araxys', 'Araxys', 'Bulldog', 'Exclusive', 2175, 'Art/Skins/Bulldog/araxys', TRUE),
    ('skin_bulldog_nocturnum', 'Nocturnum', 'Bulldog', 'Exclusive', 2175, 'Art/Skins/Bulldog/nocturnum', TRUE),
    ('skin_bulldog_glitchpop', 'Glitchpop', 'Bulldog', 'Exclusive', 2175, 'Art/Skins/Bulldog/glitchpop', TRUE),
    ('skin_bulldog_prelude_to_chaos', 'Prelude to Chaos', 'Bulldog', 'Exclusive', 2175, 'Art/Skins/Bulldog/prelude_to_chaos', TRUE),
    ('skin_bulldog_neptune', 'Neptune', 'Bulldog', 'Premium', 1775, 'Art/Skins/Bulldog/neptune', TRUE),
    ('skin_bulldog_undercity', 'Undercity', 'Bulldog', 'Premium', 1775, 'Art/Skins/Bulldog/undercity', TRUE),
    ('skin_bulldog_black_market', 'Black.Market', 'Bulldog', 'Premium', 1775, 'Art/Skins/Bulldog/black_market', TRUE),
    ('skin_bulldog_aemondir', 'Aemondir', 'Bulldog', 'Premium', 1775, 'Art/Skins/Bulldog/aemondir', TRUE),
    ('skin_bulldog_oni', 'Oni', 'Bulldog', 'Premium', 1775, 'Art/Skins/Bulldog/oni', TRUE),
    ('skin_bulldog_cryostasis', 'Cryostasis', 'Bulldog', 'Premium', 1775, 'Art/Skins/Bulldog/cryostasis', TRUE),
    ('skin_bulldog_aristocrat', 'Aristocrat', 'Bulldog', 'Deluxe', 1275, 'Art/Skins/Bulldog/aristocrat', TRUE),
    ('skin_bulldog_aperture', 'Aperture', 'Bulldog', 'Deluxe', 1275, 'Art/Skins/Bulldog/aperture', TRUE),
    ('skin_bulldog_emberclad', 'Emberclad', 'Bulldog', 'Deluxe', 1275, 'Art/Skins/Bulldog/emberclad', TRUE),
    ('skin_bulldog_chromedek', 'Chromedek', 'Bulldog', 'Deluxe', 1275, 'Art/Skins/Bulldog/chromedek', TRUE),
    ('skin_bulldog_horizon', 'Horizon', 'Bulldog', 'Deluxe', 1275, 'Art/Skins/Bulldog/horizon', TRUE),
    ('skin_bulldog_nunca_olvidados', 'Nunca Olvidados', 'Bulldog', 'Deluxe', 1275, 'Art/Skins/Bulldog/nunca_olvidados', TRUE),
    ('skin_bulldog_minima', 'Minima', 'Bulldog', 'Deluxe', 1275, 'Art/Skins/Bulldog/minima', TRUE),
    ('skin_bulldog_combat_crafts', 'Combat Crafts', 'Bulldog', 'Deluxe', 1275, 'Art/Skins/Bulldog/combat_crafts', TRUE),
    ('skin_bulldog_no_limits', 'NO LIMITS', 'Bulldog', 'Deluxe', 1275, 'Art/Skins/Bulldog/no_limits', TRUE),
    ('skin_bulldog_holomoku', 'Holomoku', 'Bulldog', 'Deluxe', 1275, 'Art/Skins/Bulldog/holomoku', TRUE),
    ('skin_bulldog_wasteland', 'Wasteland', 'Bulldog', 'Deluxe', 1275, 'Art/Skins/Bulldog/wasteland', TRUE),
    ('skin_bulldog_endeavour', 'Endeavour', 'Bulldog', 'Select', 875, 'Art/Skins/Bulldog/endeavour', TRUE),
    ('skin_bulldog_rush', 'Rush', 'Bulldog', 'Select', 875, 'Art/Skins/Bulldog/rush', TRUE),
    ('skin_bulldog_rupture', 'Rupture', 'Bulldog', 'Select', 875, 'Art/Skins/Bulldog/rupture', TRUE),
    ('skin_bulldog_convex', 'Convex', 'Bulldog', 'Select', 875, 'Art/Skins/Bulldog/convex', TRUE),
    ('skin_bulldog_frequency', 'Frequency', 'Bulldog', 'Select', 875, 'Art/Skins/Bulldog/frequency', TRUE),
    ('skin_bulldog_bumble_brigade', 'Bumble Brigade', 'Bulldog', 'Select', 875, 'Art/Skins/Bulldog/bumble_brigade', TRUE),
    ('skin_bulldog_heartbreaker', 'Heartbreaker', 'Bulldog', 'Select', 875, 'Art/Skins/Bulldog/heartbreaker', TRUE),
    ('skin_bulldog_tactiplay', 'Tactiplay', 'Bulldog', 'Select', 875, 'Art/Skins/Bulldog/tactiplay', TRUE),
    ('skin_bulldog_striker', 'Striker', 'Bulldog', 'Select', 875, 'Art/Skins/Bulldog/striker', TRUE),
    ('skin_bulldog_rune_stone', 'Rune Stone', 'Bulldog', 'Select', 875, 'Art/Skins/Bulldog/rune_stone', TRUE),
    ('skin_bulldog_bulletbox', 'Bulletbox', 'Bulldog', 'Select', 875, 'Art/Skins/Bulldog/bulletbox', TRUE),
    ('skin_bulldog_velocity', 'Velocity', 'Bulldog', 'Deluxe', 1275, 'Art/Skins/Bulldog/velocity', TRUE),
    ('skin_bulldog_shimmer', 'Shimmer', 'Bulldog', 'Select', 875, 'Art/Skins/Bulldog/shimmer', TRUE),
    ('skin_bulldog_digihex', 'Digihex', 'Bulldog', 'Select', 875, 'Art/Skins/Bulldog/digihex', TRUE),
    ('skin_bulldog_hieroscape', 'Hieroscape', 'Bulldog', 'Deluxe', 1275, 'Art/Skins/Bulldog/hieroscape', TRUE),
    ('skin_bulldog_bound', 'Bound', 'Bulldog', 'Deluxe', 1275, 'Art/Skins/Bulldog/bound', TRUE),
    ('skin_bulldog_retrowave', 'Retrowave', 'Bulldog', 'Select', 875, 'Art/Skins/Bulldog/retrowave', TRUE),
    ('skin_bulldog_k_tac', 'K/TAC', 'Bulldog', 'Deluxe', 1275, 'Art/Skins/Bulldog/k_tac', TRUE),
    ('skin_bulldog_soulburst', 'Soulburst', 'Bulldog', 'Select', 875, 'Art/Skins/Bulldog/soulburst', TRUE),
    ('skin_bulldog_couture', 'Couture', 'Bulldog', 'Select', 875, 'Art/Skins/Bulldog/couture', TRUE),
    ('skin_bulldog_perch', 'Perch', 'Bulldog', 'Select', 875, 'Art/Skins/Bulldog/perch', TRUE),
    ('skin_bulldog_genesis', 'Genesis', 'Bulldog', 'Deluxe', 1275, 'Art/Skins/Bulldog/genesis', TRUE),
    ('skin_bulldog_libretto', 'Libretto', 'Bulldog', 'Select', 875, 'Art/Skins/Bulldog/libretto', TRUE),
    ('skin_bulldog_hue_shift', 'Hue Shift', 'Bulldog', 'Select', 875, 'Art/Skins/Bulldog/hue_shift', TRUE),
    ('skin_bulldog_polyfox', 'POLYfox', 'Bulldog', 'Select', 875, 'Art/Skins/Bulldog/polyfox', TRUE),
    ('skin_bulldog_premiere_collision', 'Premiere Collision', 'Bulldog', 'Select', 875, 'Art/Skins/Bulldog/premiere_collision', TRUE),
    ('skin_bulldog_transition', 'Transition', 'Bulldog', 'Deluxe', 1275, 'Art/Skins/Bulldog/transition', TRUE),
    ('skin_bulldog_infinity', 'Infinity', 'Bulldog', 'Deluxe', 1275, 'Art/Skins/Bulldog/infinity', TRUE),
    ('skin_bulldog_spellbound', 'Spellbound', 'Bulldog', 'Select', 875, 'Art/Skins/Bulldog/spellbound', TRUE),
    ('skin_bulldog_tilde', 'Tilde', 'Bulldog', 'Deluxe', 1275, 'Art/Skins/Bulldog/tilde', TRUE),
    ('skin_bulldog_gridcrash', 'Gridcrash', 'Bulldog', 'Select', 875, 'Art/Skins/Bulldog/gridcrash', TRUE),
    ('skin_bulldog_depths', 'Depths', 'Bulldog', 'Select', 875, 'Art/Skins/Bulldog/depths', TRUE),
    ('skin_bulldog_varnish', 'Varnish', 'Bulldog', 'Select', 875, 'Art/Skins/Bulldog/varnish', TRUE)
ON CONFLICT (id) DO UPDATE SET
    display_name = EXCLUDED.display_name,
    weapon       = EXCLUDED.weapon,
    rarity       = EXCLUDED.rarity,
    vp_value     = EXCLUDED.vp_value,
    image_ref    = EXCLUDED.image_ref,
    active       = EXCLUDED.active;

-- Cases (19). Upsert by primary key id.
INSERT INTO case_definitions (id, display_name, price_vp, image_ref, active) VALUES
    ('vandal_basic', 'Basic Vandal Case', 500, 'Art/Cases/Basic_Vandal_Case', TRUE),
    ('vandal_tactical', 'Tactical Vandal Case', 1000, 'Art/Cases/Tactical_Vandal_Case', FALSE),
    ('vandal_elite', 'Elite Vandal Case', 2000, 'Art/Cases/Elite_Vandal_Case', FALSE),
    ('vandal_protocol', 'Protocol Vandal Case', 3500, 'Art/Cases/Protocol_Vandal_Case', TRUE),
    ('vandal_radiant', 'Radiant Vandal Case', 5000, 'Art/Cases/Radiant_Vandal_Case', TRUE),
    ('vandal_arcane', 'Arcane Vandal Case', 7000, 'Art/Cases/Arcane_Vandal_Case', TRUE),
    ('melee_arcane', 'Arcane Melee Case', 2500, 'Art/Cases/Melee_Case', TRUE),
    ('melee_basic', 'Basic Melee Case', 1050, 'Art/Cases/Basic_Melee_Case', TRUE),
    ('protocol_melee', 'Protocol Melee Case', 3500, 'Art/Cases/Protocol_Melee_Case', TRUE),
    ('radiant_melee', 'Radiant Melee Case', 6250, 'Art/Cases/Radiant_Melee_Case', TRUE),
    ('ghost_basic', 'Basic Ghost Case', 1000, 'Art/Cases/Basic_Ghost_Case', TRUE),
    ('ghost_radiant', 'Radian Ghost Case', 1000, 'Art/Cases/Radiant_Ghost_Case', TRUE),
    ('ghost_protocol', 'Protocol Ghost Case', 1000, 'Art/Cases/Protocol_Ghost_Case', TRUE),
    ('ghost_arcane', 'Arcane Ghost Case', 1000, 'Art/Cases/Arcane_Ghost_Case', TRUE),
    ('classic_basic', 'Basic Classic Case', 1000, 'Art/Cases/Basic_Classic_Case', TRUE),
    ('classic_protocol', 'Protocol Classic Case', 1000, 'Art/Cases/Protocol_Classic_Case', TRUE),
    ('classic_arcane', 'Arcane Classic Case', 1000, 'Art/Cases/Arcane_Classic_Case', TRUE),
    ('classic_radiant', 'New Case', 1000, 'Art/Cases/Radiant_Classic_Case', TRUE),
    ('bulldog_basic', 'Bulldog Basic Case', 1000, 'Art/Cases/Basic_Bulldog_Case', TRUE)
ON CONFLICT (id) DO UPDATE SET
    display_name = EXCLUDED.display_name,
    price_vp     = EXCLUDED.price_vp,
    image_ref    = EXCLUDED.image_ref,
    active       = EXCLUDED.active;

-- Rebuild the drop pools of the cases in this sync only. Nothing references
-- case_entries, so deleting and reinserting them is safe.
DELETE FROM case_entries WHERE case_id IN ('vandal_basic', 'vandal_tactical', 'vandal_elite', 'vandal_protocol', 'vandal_radiant', 'vandal_arcane', 'melee_arcane', 'melee_basic', 'protocol_melee', 'radiant_melee', 'ghost_basic', 'ghost_radiant', 'ghost_protocol', 'ghost_arcane', 'classic_basic', 'classic_protocol', 'classic_arcane', 'classic_radiant', 'bulldog_basic');

-- Drop-pool entries (376).
INSERT INTO case_entries (id, case_id, skin_id, weight) VALUES
    (gen_random_uuid(), 'vandal_basic', 'skin_vandal_elderflame', 1),
    (gen_random_uuid(), 'vandal_basic', 'skin_vandal_sentinels_of_light', 1),
    (gen_random_uuid(), 'vandal_basic', 'skin_vandal_dolmir_s_revenge', 1),
    (gen_random_uuid(), 'vandal_basic', 'skin_vandal_champions_2025', 1),
    (gen_random_uuid(), 'vandal_basic', 'skin_vandal_crimsonbeast', 1),
    (gen_random_uuid(), 'vandal_basic', 'skin_vandal_altitude', 1),
    (gen_random_uuid(), 'vandal_basic', 'skin_vandal_sakura', 1),
    (gen_random_uuid(), 'vandal_basic', 'skin_vandal_phaseguard', 1),
    (gen_random_uuid(), 'vandal_basic', 'skin_vandal_bubble_pop', 1),
    (gen_random_uuid(), 'vandal_basic', 'skin_vandal_luxe', 1),
    (gen_random_uuid(), 'vandal_basic', 'skin_vandal_hivemind', 1),
    (gen_random_uuid(), 'vandal_basic', 'skin_vandal_superset', 1),
    (gen_random_uuid(), 'vandal_basic', 'skin_vandal_origin', 1),
    (gen_random_uuid(), 'vandal_basic', 'skin_vandal_lycan_s_bane', 1),
    (gen_random_uuid(), 'vandal_basic', 'skin_vandal_paceline', 1),
    (gen_random_uuid(), 'vandal_basic', 'skin_vandal_team_ace', 1),
    (gen_random_uuid(), 'vandal_basic', 'skin_vandal_comet', 1),
    (gen_random_uuid(), 'vandal_basic', 'skin_vandal_schema', 1),
    (gen_random_uuid(), 'vandal_basic', 'skin_vandal_glitchpop', 1),
    (gen_random_uuid(), 'vandal_basic', 'skin_vandal_divergence', 1),
    (gen_random_uuid(), 'vandal_tactical', 'skin_vandal_schema', 1),
    (gen_random_uuid(), 'vandal_tactical', 'skin_vandal_sensation', 1),
    (gen_random_uuid(), 'vandal_tactical', 'skin_vandal_smite', 1),
    (gen_random_uuid(), 'vandal_tactical', 'skin_vandal_starlit_odyssey', 1),
    (gen_random_uuid(), 'vandal_tactical', 'skin_vandal_storm_maw', 1),
    (gen_random_uuid(), 'vandal_tactical', 'skin_vandal_guardrail', 1),
    (gen_random_uuid(), 'vandal_tactical', 'skin_vandal_heartstopper', 1),
    (gen_random_uuid(), 'vandal_tactical', 'skin_vandal_hivemind', 1),
    (gen_random_uuid(), 'vandal_tactical', 'skin_vandal_holomoku', 1),
    (gen_random_uuid(), 'vandal_tactical', 'skin_vandal_horizon', 1),
    (gen_random_uuid(), 'vandal_tactical', 'skin_vandal_k_tac', 1),
    (gen_random_uuid(), 'vandal_tactical', 'skin_vandal_keys_to_elysium', 1),
    (gen_random_uuid(), 'vandal_tactical', 'skin_vandal_luna', 1),
    (gen_random_uuid(), 'vandal_tactical', 'skin_vandal_lycan_s_bane', 1),
    (gen_random_uuid(), 'vandal_tactical', 'skin_vandal_crimsonbeast', 1),
    (gen_random_uuid(), 'vandal_tactical', 'skin_vandal_cryostasis', 1),
    (gen_random_uuid(), 'vandal_tactical', 'skin_vandal_ego', 1),
    (gen_random_uuid(), 'vandal_tactical', 'skin_vandal_araxys', 1),
    (gen_random_uuid(), 'vandal_tactical', 'skin_vandal_arcane', 1),
    (gen_random_uuid(), 'vandal_elite', 'skin_vandal_superset', 1),
    (gen_random_uuid(), 'vandal_elite', 'skin_vandal_wonderstallion', 1),
    (gen_random_uuid(), 'vandal_elite', 'skin_vandal_minima', 1),
    (gen_random_uuid(), 'vandal_elite', 'skin_vandal_mk_vii_liberty', 1),
    (gen_random_uuid(), 'vandal_elite', 'skin_vandal_no_limits', 1),
    (gen_random_uuid(), 'vandal_elite', 'skin_vandal_nunca_olvidados', 1),
    (gen_random_uuid(), 'vandal_elite', 'skin_vandal_orion', 1),
    (gen_random_uuid(), 'vandal_elite', 'skin_vandal_paceline', 1),
    (gen_random_uuid(), 'vandal_elite', 'skin_vandal_ruin', 1),
    (gen_random_uuid(), 'vandal_elite', 'skin_vandal_sakura', 1),
    (gen_random_uuid(), 'vandal_elite', 'skin_vandal_forsaken', 1),
    (gen_random_uuid(), 'vandal_elite', 'skin_vandal_gaia_s_vengeance', 1),
    (gen_random_uuid(), 'vandal_elite', 'skin_vandal_ion', 1),
    (gen_random_uuid(), 'vandal_elite', 'skin_vandal_magepunk', 1),
    (gen_random_uuid(), 'vandal_elite', 'skin_vandal_blackthorn', 1),
    (gen_random_uuid(), 'vandal_elite', 'skin_vandal_champions_2021', 1),
    (gen_random_uuid(), 'vandal_elite', 'skin_vandal_champions_2023', 1),
    (gen_random_uuid(), 'vandal_elite', 'skin_vandal_champions_2025', 1),
    (gen_random_uuid(), 'vandal_protocol', 'skin_vandal_sandswept', 1),
    (gen_random_uuid(), 'vandal_protocol', 'skin_vandal_sarmad', 1),
    (gen_random_uuid(), 'vandal_protocol', 'skin_vandal_silkleaf', 1),
    (gen_random_uuid(), 'vandal_protocol', 'skin_vandal_silvanus', 1),
    (gen_random_uuid(), 'vandal_protocol', 'skin_vandal_sys', 1),
    (gen_random_uuid(), 'vandal_protocol', 'skin_vandal_team_ace', 1),
    (gen_random_uuid(), 'vandal_protocol', 'skin_vandal_neptune', 1),
    (gen_random_uuid(), 'vandal_protocol', 'skin_vandal_oni', 1),
    (gen_random_uuid(), 'vandal_protocol', 'skin_vandal_origin', 1),
    (gen_random_uuid(), 'vandal_protocol', 'skin_vandal_prime', 1),
    (gen_random_uuid(), 'vandal_protocol', 'skin_vandal_reaver', 1),
    (gen_random_uuid(), 'vandal_protocol', 'skin_vandal_chronovoid', 1),
    (gen_random_uuid(), 'vandal_protocol', 'skin_vandal_cyrax', 1),
    (gen_random_uuid(), 'vandal_protocol', 'skin_vandal_divergence', 1),
    (gen_random_uuid(), 'vandal_protocol', 'skin_vandal_dolmir_s_revenge', 1),
    (gen_random_uuid(), 'vandal_protocol', 'skin_vandal_ex_o', 1),
    (gen_random_uuid(), 'vandal_protocol', 'skin_vandal_elderflame', 1),
    (gen_random_uuid(), 'vandal_protocol', 'skin_vandal_evori_dreamwings', 1),
    (gen_random_uuid(), 'vandal_radiant', 'skin_vandal_titanmail', 1),
    (gen_random_uuid(), 'vandal_radiant', 'skin_vandal_torque', 1),
    (gen_random_uuid(), 'vandal_radiant', 'skin_vandal_transition', 1),
    (gen_random_uuid(), 'vandal_radiant', 'skin_vandal_venturi', 1),
    (gen_random_uuid(), 'vandal_radiant', 'skin_vandal_solarstride', 1),
    (gen_random_uuid(), 'vandal_radiant', 'skin_vandal_tethered_realms', 1),
    (gen_random_uuid(), 'vandal_radiant', 'skin_vandal_valiant_hero', 1),
    (gen_random_uuid(), 'vandal_radiant', 'skin_vandal_glitchpop', 1),
    (gen_random_uuid(), 'vandal_radiant', 'skin_vandal_holo_meridian', 1),
    (gen_random_uuid(), 'vandal_radiant', 'skin_vandal_imperium', 1),
    (gen_random_uuid(), 'vandal_radiant', 'skin_vandal_kuronami', 1),
    (gen_random_uuid(), 'vandal_radiant', 'skin_vandal_mystbloom', 1),
    (gen_random_uuid(), 'vandal_radiant', 'skin_vandal_overdrive', 1),
    (gen_random_uuid(), 'vandal_radiant', 'skin_vandal_ora_by_onetap', 1),
    (gen_random_uuid(), 'vandal_radiant', 'skin_vandal_phaseguard', 1),
    (gen_random_uuid(), 'vandal_radiant', 'skin_vandal_elderflame', 1),
    (gen_random_uuid(), 'vandal_radiant', 'skin_vandal_evori_dreamwings', 1),
    (gen_random_uuid(), 'vandal_arcane', 'skin_vandal_wasteland', 1),
    (gen_random_uuid(), 'vandal_arcane', 'skin_vandal_winterwunderland', 1),
    (gen_random_uuid(), 'vandal_arcane', 'skin_vandal_valorant_go_vol_2', 1),
    (gen_random_uuid(), 'vandal_arcane', 'skin_vandal_xerfang', 1),
    (gen_random_uuid(), 'vandal_arcane', 'skin_vandal_prelude_to_chaos', 1),
    (gen_random_uuid(), 'vandal_arcane', 'skin_vandal_primordium', 1),
    (gen_random_uuid(), 'vandal_arcane', 'skin_vandal_rgx_11z_pro', 1),
    (gen_random_uuid(), 'vandal_arcane', 'skin_vandal_rogue', 1),
    (gen_random_uuid(), 'vandal_arcane', 'skin_vandal_sentinels_of_light', 1),
    (gen_random_uuid(), 'vandal_arcane', 'skin_vandal_singularity', 1),
    (gen_random_uuid(), 'vandal_arcane', 'skin_vandal_splashx', 1),
    (gen_random_uuid(), 'vandal_arcane', 'skin_vandal_ora_by_onetap', 1),
    (gen_random_uuid(), 'vandal_arcane', 'skin_vandal_phaseguard', 1),
    (gen_random_uuid(), 'vandal_arcane', 'skin_vandal_elderflame', 1),
    (gen_random_uuid(), 'vandal_arcane', 'skin_vandal_evori_dreamwings', 1),
    (gen_random_uuid(), 'melee_arcane', 'skin_melee_task_force_809', 1),
    (gen_random_uuid(), 'melee_arcane', 'skin_melee_obsidiana', 1),
    (gen_random_uuid(), 'melee_arcane', 'skin_melee_composite', 1),
    (gen_random_uuid(), 'melee_arcane', 'skin_melee_atlas_cmd_baton', 1),
    (gen_random_uuid(), 'melee_arcane', 'skin_melee_overlay_dagger', 1),
    (gen_random_uuid(), 'melee_arcane', 'skin_melee_striker', 1),
    (gen_random_uuid(), 'melee_arcane', 'skin_melee_comet_sword', 1),
    (gen_random_uuid(), 'melee_arcane', 'skin_melee_songsteel', 1),
    (gen_random_uuid(), 'melee_arcane', 'skin_melee_hivemind_sword', 1),
    (gen_random_uuid(), 'melee_arcane', 'skin_melee_venturi', 1),
    (gen_random_uuid(), 'melee_arcane', 'skin_melee_velocity_karambit', 1),
    (gen_random_uuid(), 'melee_arcane', 'skin_melee_heart_splitter', 1),
    (gen_random_uuid(), 'melee_arcane', 'skin_melee_interhelm_sword', 1),
    (gen_random_uuid(), 'melee_arcane', 'skin_melee_ruin_dagger', 1),
    (gen_random_uuid(), 'melee_arcane', 'skin_melee_sys', 1),
    (gen_random_uuid(), 'melee_basic', 'skin_melee_hieroscape_blades', 1),
    (gen_random_uuid(), 'melee_basic', 'skin_melee_keys_to_elysium', 1),
    (gen_random_uuid(), 'melee_basic', 'skin_melee_obsidiana', 1),
    (gen_random_uuid(), 'melee_basic', 'skin_melee_k_tac_blade', 1),
    (gen_random_uuid(), 'melee_basic', 'skin_melee_hu_else', 1),
    (gen_random_uuid(), 'melee_basic', 'skin_melee_montage_axe', 1),
    (gen_random_uuid(), 'melee_basic', 'skin_melee_no_limits_bat', 1),
    (gen_random_uuid(), 'melee_basic', 'skin_melee_mk_vii_liberty_combat', 1),
    (gen_random_uuid(), 'melee_basic', 'skin_melee_jellybeam_sugarslice', 1),
    (gen_random_uuid(), 'melee_basic', 'skin_melee_overlay_dagger', 1),
    (gen_random_uuid(), 'melee_basic', 'skin_melee_venturi', 1),
    (gen_random_uuid(), 'melee_basic', 'skin_melee_blade_of_serket', 1),
    (gen_random_uuid(), 'melee_basic', 'skin_melee_solarex_relic', 1),
    (gen_random_uuid(), 'melee_basic', 'skin_melee_bound', 1),
    (gen_random_uuid(), 'melee_basic', 'skin_melee_comet_sword', 1),
    (gen_random_uuid(), 'melee_basic', 'skin_melee_switchback_ascender', 1),
    (gen_random_uuid(), 'melee_basic', 'skin_melee_kaimana', 1),
    (gen_random_uuid(), 'melee_basic', 'skin_melee_outpost', 1),
    (gen_random_uuid(), 'melee_basic', 'skin_melee_luna_s_descent', 1),
    (gen_random_uuid(), 'melee_basic', 'skin_melee_valorant_go_vol_1', 1),
    (gen_random_uuid(), 'protocol_melee', 'skin_melee_venturi', 1),
    (gen_random_uuid(), 'protocol_melee', 'skin_melee_kuronami_no_yaiba', 1),
    (gen_random_uuid(), 'protocol_melee', 'skin_melee_sovereign_sword', 1),
    (gen_random_uuid(), 'protocol_melee', 'skin_melee_evori_s_spellcaster', 1),
    (gen_random_uuid(), 'protocol_melee', 'skin_melee_bolt', 1),
    (gen_random_uuid(), 'protocol_melee', 'skin_melee_wonderstallion_hammer', 1),
    (gen_random_uuid(), 'protocol_melee', 'skin_melee_torque_coiler', 1),
    (gen_random_uuid(), 'protocol_melee', 'skin_melee_emberclad_hammer', 1),
    (gen_random_uuid(), 'protocol_melee', 'skin_melee_mystbloom_kunai', 1),
    (gen_random_uuid(), 'protocol_melee', 'skin_melee_helix_daggers', 1),
    (gen_random_uuid(), 'protocol_melee', 'skin_melee_prosperity', 1),
    (gen_random_uuid(), 'protocol_melee', 'skin_melee_artisan_foil', 1),
    (gen_random_uuid(), 'protocol_melee', 'skin_melee_altitude_knuckle', 1),
    (gen_random_uuid(), 'protocol_melee', 'skin_melee_blades_of_primordia', 1),
    (gen_random_uuid(), 'protocol_melee', 'skin_melee_sys', 1),
    (gen_random_uuid(), 'protocol_melee', 'skin_melee_rgx_11z_pro_karambit', 1),
    (gen_random_uuid(), 'protocol_melee', 'skin_melee_orion_sword', 1),
    (gen_random_uuid(), 'protocol_melee', 'skin_melee_switchback_ascender', 1),
    (gen_random_uuid(), 'protocol_melee', 'skin_melee_araxys_bio_atomizers', 1),
    (gen_random_uuid(), 'protocol_melee', 'skin_melee_catrina', 1),
    (gen_random_uuid(), 'protocol_melee', 'skin_melee_winterwunderland_candy_cane', 1),
    (gen_random_uuid(), 'protocol_melee', 'skin_melee_guardrail_hammer', 1),
    (gen_random_uuid(), 'protocol_melee', 'skin_melee_heart_splitter', 1),
    (gen_random_uuid(), 'protocol_melee', 'skin_melee_forsaken_ritual_blade', 1),
    (gen_random_uuid(), 'protocol_melee', 'skin_melee_rogue_push_daggers', 1),
    (gen_random_uuid(), 'protocol_melee', 'skin_melee_elderflame_dagger', 1),
    (gen_random_uuid(), 'protocol_melee', 'skin_melee_oni_claw', 1),
    (gen_random_uuid(), 'protocol_melee', 'skin_melee_montage_axe', 1),
    (gen_random_uuid(), 'radiant_melee', 'skin_melee_champions_2025_butterfly', 1),
    (gen_random_uuid(), 'radiant_melee', 'skin_melee_glitchpop_axe', 1),
    (gen_random_uuid(), 'radiant_melee', 'skin_melee_doombringer_battleaxe', 1),
    (gen_random_uuid(), 'radiant_melee', 'skin_melee_broken_blade_of_the_ruined_king', 1),
    (gen_random_uuid(), 'radiant_melee', 'skin_melee_ignite_fan', 1),
    (gen_random_uuid(), 'radiant_melee', 'skin_melee_singularity_butterfly', 1),
    (gen_random_uuid(), 'radiant_melee', 'skin_melee_relic_stone_daggers', 1),
    (gen_random_uuid(), 'radiant_melee', 'skin_melee_personal_administrative_melee_unit', 1),
    (gen_random_uuid(), 'radiant_melee', 'skin_melee_terminus_a_quo', 1),
    (gen_random_uuid(), 'radiant_melee', 'skin_melee_elderflame_dagger', 1),
    (gen_random_uuid(), 'radiant_melee', 'skin_melee_champions_2024_blade', 1),
    (gen_random_uuid(), 'radiant_melee', 'skin_melee_champions_2022_butterfly', 1),
    (gen_random_uuid(), 'radiant_melee', 'skin_melee_magepunk_sparkswitch', 1),
    (gen_random_uuid(), 'radiant_melee', 'skin_melee_overdrive_blade', 1),
    (gen_random_uuid(), 'radiant_melee', 'skin_melee_ion_karambit', 1),
    (gen_random_uuid(), 'radiant_melee', 'skin_melee_rgx_11z_pro_karambit', 1),
    (gen_random_uuid(), 'radiant_melee', 'skin_melee_rgx_11z_pro_blade', 1),
    (gen_random_uuid(), 'radiant_melee', 'skin_melee_arcane_gauntlets', 1),
    (gen_random_uuid(), 'radiant_melee', 'skin_melee_glitchpop_dagger', 1),
    (gen_random_uuid(), 'radiant_melee', 'skin_melee_blackthorn_blades', 1),
    (gen_random_uuid(), 'radiant_melee', 'skin_melee_phaseguard_splitter', 1),
    (gen_random_uuid(), 'radiant_melee', 'skin_melee_araxys_bio_atomizers', 1),
    (gen_random_uuid(), 'radiant_melee', 'skin_melee_blades_of_primordia', 1),
    (gen_random_uuid(), 'radiant_melee', 'skin_melee_mystbloom_fanblade', 1),
    (gen_random_uuid(), 'radiant_melee', 'skin_melee_forsaken_ritual_blade', 1),
    (gen_random_uuid(), 'radiant_melee', 'skin_melee_xenohunter', 1),
    (gen_random_uuid(), 'ghost_basic', 'skin_ghost_serenity', 1),
    (gen_random_uuid(), 'ghost_basic', 'skin_ghost_endeavour', 1),
    (gen_random_uuid(), 'ghost_basic', 'skin_ghost_belaflaire', 1),
    (gen_random_uuid(), 'ghost_basic', 'skin_ghost_exe', 1),
    (gen_random_uuid(), 'ghost_basic', 'skin_ghost_comet', 1),
    (gen_random_uuid(), 'ghost_basic', 'skin_ghost_gaia_s_vengeance', 1),
    (gen_random_uuid(), 'ghost_basic', 'skin_ghost_minima', 1),
    (gen_random_uuid(), 'ghost_basic', 'skin_ghost_mystbloom', 1),
    (gen_random_uuid(), 'ghost_basic', 'skin_ghost_fortune_s_hand', 1),
    (gen_random_uuid(), 'ghost_basic', 'skin_ghost_ayakashi', 1),
    (gen_random_uuid(), 'ghost_basic', 'skin_ghost_piedra_del_sol', 1),
    (gen_random_uuid(), 'ghost_basic', 'skin_ghost_fiber_optic', 1),
    (gen_random_uuid(), 'ghost_basic', 'skin_ghost_cyrax', 1),
    (gen_random_uuid(), 'ghost_basic', 'skin_ghost_vendetta', 1),
    (gen_random_uuid(), 'ghost_basic', 'skin_ghost_valorant_go_vol_1', 1),
    (gen_random_uuid(), 'ghost_basic', 'skin_ghost_soulstrife', 1),
    (gen_random_uuid(), 'ghost_basic', 'skin_ghost_winterwunderland', 1),
    (gen_random_uuid(), 'ghost_basic', 'skin_ghost_magepunk', 1),
    (gen_random_uuid(), 'ghost_basic', 'skin_ghost_infantry', 1),
    (gen_random_uuid(), 'ghost_basic', 'skin_ghost_eclipse', 1),
    (gen_random_uuid(), 'ghost_radiant', 'skin_ghost_winterwunderland', 1),
    (gen_random_uuid(), 'ghost_radiant', 'skin_ghost_aperture', 1),
    (gen_random_uuid(), 'ghost_radiant', 'skin_ghost_piedra_del_sol', 1),
    (gen_random_uuid(), 'ghost_radiant', 'skin_ghost_sovereign', 1),
    (gen_random_uuid(), 'ghost_radiant', 'skin_ghost_ayakashi', 1),
    (gen_random_uuid(), 'ghost_radiant', 'skin_ghost_valorant_go_vol_3', 1),
    (gen_random_uuid(), 'ghost_radiant', 'skin_ghost_evori_dreamwings', 1),
    (gen_random_uuid(), 'ghost_radiant', 'skin_ghost_starlit_odyssey', 1),
    (gen_random_uuid(), 'ghost_radiant', 'skin_ghost_endeavour', 1),
    (gen_random_uuid(), 'ghost_radiant', 'skin_ghost_ruination', 1),
    (gen_random_uuid(), 'ghost_radiant', 'skin_ghost_freehand', 1),
    (gen_random_uuid(), 'ghost_radiant', 'skin_ghost_rupture', 1),
    (gen_random_uuid(), 'ghost_radiant', 'skin_ghost_gridcrash', 1),
    (gen_random_uuid(), 'ghost_radiant', 'skin_ghost_vendetta', 1),
    (gen_random_uuid(), 'ghost_radiant', 'skin_ghost_outpost', 1),
    (gen_random_uuid(), 'ghost_radiant', 'skin_ghost_hush', 1),
    (gen_random_uuid(), 'ghost_radiant', 'skin_ghost_ego', 1),
    (gen_random_uuid(), 'ghost_radiant', 'skin_ghost_soulstrife', 1),
    (gen_random_uuid(), 'ghost_radiant', 'skin_ghost_magepunk', 1),
    (gen_random_uuid(), 'ghost_radiant', 'skin_ghost_soul_silencer', 1),
    (gen_random_uuid(), 'ghost_protocol', 'skin_ghost_smite', 1),
    (gen_random_uuid(), 'ghost_protocol', 'skin_ghost_ego', 1),
    (gen_random_uuid(), 'ghost_protocol', 'skin_ghost_gridcrash', 1),
    (gen_random_uuid(), 'ghost_protocol', 'skin_ghost_goldwing', 1),
    (gen_random_uuid(), 'ghost_protocol', 'skin_ghost_luna', 1),
    (gen_random_uuid(), 'ghost_protocol', 'skin_ghost_fortune_s_hand', 1),
    (gen_random_uuid(), 'ghost_protocol', 'skin_ghost_radiant_entertainment_system', 1),
    (gen_random_uuid(), 'ghost_protocol', 'skin_ghost_soulstrife', 1),
    (gen_random_uuid(), 'ghost_protocol', 'skin_ghost_lycan_s_bane', 1),
    (gen_random_uuid(), 'ghost_protocol', 'skin_ghost_depths', 1),
    (gen_random_uuid(), 'ghost_protocol', 'skin_ghost_libretto', 1),
    (gen_random_uuid(), 'ghost_protocol', 'skin_ghost_celestia', 1),
    (gen_random_uuid(), 'ghost_protocol', 'skin_ghost_luxe', 1),
    (gen_random_uuid(), 'ghost_protocol', 'skin_ghost_digihex', 1),
    (gen_random_uuid(), 'ghost_protocol', 'skin_ghost_belaflaire', 1),
    (gen_random_uuid(), 'ghost_protocol', 'skin_ghost_prism', 1),
    (gen_random_uuid(), 'ghost_protocol', 'skin_ghost_jigsaw', 1),
    (gen_random_uuid(), 'ghost_protocol', 'skin_ghost_outpost', 1),
    (gen_random_uuid(), 'ghost_protocol', 'skin_ghost_flutter', 1),
    (gen_random_uuid(), 'ghost_protocol', 'skin_ghost_byteshift', 1),
    (gen_random_uuid(), 'ghost_arcane', 'skin_ghost_celestia', 1),
    (gen_random_uuid(), 'ghost_arcane', 'skin_ghost_smite', 1),
    (gen_random_uuid(), 'ghost_arcane', 'skin_ghost_soul_silencer', 1),
    (gen_random_uuid(), 'ghost_arcane', 'skin_ghost_sovereign', 1),
    (gen_random_uuid(), 'ghost_arcane', 'skin_ghost_evori_dreamwings', 1),
    (gen_random_uuid(), 'ghost_arcane', 'skin_ghost_radiant_entertainment_system', 1),
    (gen_random_uuid(), 'ghost_arcane', 'skin_ghost_comet', 1),
    (gen_random_uuid(), 'ghost_arcane', 'skin_ghost_outpost', 1),
    (gen_random_uuid(), 'ghost_arcane', 'skin_ghost_recon', 1),
    (gen_random_uuid(), 'ghost_arcane', 'skin_ghost_prism', 1),
    (gen_random_uuid(), 'ghost_arcane', 'skin_ghost_cavalier', 1),
    (gen_random_uuid(), 'ghost_arcane', 'skin_ghost_tacti_treat', 1),
    (gen_random_uuid(), 'ghost_arcane', 'skin_ghost_fortune_s_hand', 1),
    (gen_random_uuid(), 'ghost_arcane', 'skin_ghost_belaflaire', 1),
    (gen_random_uuid(), 'ghost_arcane', 'skin_ghost_byteshift', 1),
    (gen_random_uuid(), 'ghost_arcane', 'skin_ghost_minima', 1),
    (gen_random_uuid(), 'ghost_arcane', 'skin_ghost_no_limits', 1),
    (gen_random_uuid(), 'ghost_arcane', 'skin_ghost_reaver', 1),
    (gen_random_uuid(), 'ghost_arcane', 'skin_ghost_exe', 1),
    (gen_random_uuid(), 'ghost_arcane', 'skin_ghost_valorant_go_vol_1', 1),
    (gen_random_uuid(), 'classic_basic', 'skin_classic_kohaku_matsuba', 1),
    (gen_random_uuid(), 'classic_basic', 'skin_classic_steel_resolve', 1),
    (gen_random_uuid(), 'classic_basic', 'skin_classic_spline', 1),
    (gen_random_uuid(), 'classic_basic', 'skin_classic_glitchpop', 1),
    (gen_random_uuid(), 'classic_basic', 'skin_classic_divergence', 1),
    (gen_random_uuid(), 'classic_basic', 'skin_classic_prime', 1),
    (gen_random_uuid(), 'classic_basic', 'skin_classic_gravitational_uranium_neuroblaster', 1),
    (gen_random_uuid(), 'classic_basic', 'skin_classic_smite', 1),
    (gen_random_uuid(), 'classic_basic', 'skin_classic_refractrix', 1),
    (gen_random_uuid(), 'classic_basic', 'skin_classic_resolution', 1),
    (gen_random_uuid(), 'classic_basic', 'skin_classic_switchback', 1),
    (gen_random_uuid(), 'classic_basic', 'skin_classic_bound', 1),
    (gen_random_uuid(), 'classic_basic', 'skin_classic_dolmir_s_revenge', 1),
    (gen_random_uuid(), 'classic_basic', 'skin_classic_galleria', 1),
    (gen_random_uuid(), 'classic_basic', 'skin_classic_sakura', 1),
    (gen_random_uuid(), 'classic_basic', 'skin_classic_intergrade', 1),
    (gen_random_uuid(), 'classic_basic', 'skin_classic_reverie', 1),
    (gen_random_uuid(), 'classic_basic', 'skin_classic_torque', 1),
    (gen_random_uuid(), 'classic_basic', 'skin_classic_fiber_optic', 1),
    (gen_random_uuid(), 'classic_basic', 'skin_classic_forsaken', 1),
    (gen_random_uuid(), 'classic_protocol', 'skin_classic_storm_maw', 1),
    (gen_random_uuid(), 'classic_protocol', 'skin_classic_spline', 1),
    (gen_random_uuid(), 'classic_protocol', 'skin_classic_surge', 1),
    (gen_random_uuid(), 'classic_protocol', 'skin_classic_finesse', 1),
    (gen_random_uuid(), 'classic_protocol', 'skin_classic_panoramic', 1),
    (gen_random_uuid(), 'classic_protocol', 'skin_classic_steel_resolve', 1),
    (gen_random_uuid(), 'classic_protocol', 'skin_classic_cryostasis', 1),
    (gen_random_uuid(), 'classic_protocol', 'skin_classic_forsaken', 1),
    (gen_random_uuid(), 'classic_protocol', 'skin_classic_fiber_optic', 1),
    (gen_random_uuid(), 'classic_protocol', 'skin_classic_nocturnum', 1),
    (gen_random_uuid(), 'classic_protocol', 'skin_classic_radiant_crisis_001', 1),
    (gen_random_uuid(), 'classic_protocol', 'skin_classic_striker', 1),
    (gen_random_uuid(), 'classic_protocol', 'skin_classic_infinity', 1),
    (gen_random_uuid(), 'classic_protocol', 'skin_classic_avalanche', 1),
    (gen_random_uuid(), 'classic_protocol', 'skin_classic_refractrix', 1),
    (gen_random_uuid(), 'classic_protocol', 'skin_classic_tacti_series', 1),
    (gen_random_uuid(), 'classic_protocol', 'skin_classic_undercity', 1),
    (gen_random_uuid(), 'classic_protocol', 'skin_classic_goldwing', 1),
    (gen_random_uuid(), 'classic_protocol', 'skin_classic_bubble_pop', 1),
    (gen_random_uuid(), 'classic_protocol', 'skin_classic_galleria', 1),
    (gen_random_uuid(), 'classic_arcane', 'skin_classic_fire_arm', 1),
    (gen_random_uuid(), 'classic_arcane', 'skin_classic_bound', 1),
    (gen_random_uuid(), 'classic_arcane', 'skin_classic_rgx_11z_pro', 1),
    (gen_random_uuid(), 'classic_arcane', 'skin_classic_premiere_collision', 1),
    (gen_random_uuid(), 'classic_arcane', 'skin_classic_red_alert', 1),
    (gen_random_uuid(), 'classic_arcane', 'skin_classic_storm_maw', 1),
    (gen_random_uuid(), 'classic_arcane', 'skin_classic_atlas_cmd', 1),
    (gen_random_uuid(), 'classic_arcane', 'skin_classic_bubble_pop', 1),
    (gen_random_uuid(), 'classic_arcane', 'skin_classic_dolmir_s_revenge', 1),
    (gen_random_uuid(), 'classic_arcane', 'skin_classic_switchback', 1),
    (gen_random_uuid(), 'classic_arcane', 'skin_classic_snowfall', 1),
    (gen_random_uuid(), 'classic_arcane', 'skin_classic_interhelm', 1),
    (gen_random_uuid(), 'classic_arcane', 'skin_classic_spline', 1),
    (gen_random_uuid(), 'classic_arcane', 'skin_classic_forsaken', 1),
    (gen_random_uuid(), 'classic_arcane', 'skin_classic_refractrix', 1),
    (gen_random_uuid(), 'classic_arcane', 'skin_classic_avalanche', 1),
    (gen_random_uuid(), 'classic_arcane', 'skin_classic_surge', 1),
    (gen_random_uuid(), 'classic_arcane', 'skin_classic_infinity', 1),
    (gen_random_uuid(), 'classic_arcane', 'skin_classic_prism_iii', 1),
    (gen_random_uuid(), 'classic_arcane', 'skin_classic_finesse', 1),
    (gen_random_uuid(), 'classic_radiant', 'skin_classic_surge', 1),
    (gen_random_uuid(), 'classic_radiant', 'skin_classic_avalanche', 1),
    (gen_random_uuid(), 'classic_radiant', 'skin_classic_red_alert', 1),
    (gen_random_uuid(), 'classic_radiant', 'skin_classic_reverie', 1),
    (gen_random_uuid(), 'classic_radiant', 'skin_classic_fiber_optic', 1),
    (gen_random_uuid(), 'classic_radiant', 'skin_classic_radiant_crisis_001', 1),
    (gen_random_uuid(), 'classic_radiant', 'skin_classic_final_chamber', 1),
    (gen_random_uuid(), 'classic_radiant', 'skin_classic_spline', 1),
    (gen_random_uuid(), 'classic_radiant', 'skin_classic_glitchpop', 1),
    (gen_random_uuid(), 'classic_radiant', 'skin_classic_sakura', 1),
    (gen_random_uuid(), 'classic_radiant', 'skin_classic_resolution', 1),
    (gen_random_uuid(), 'classic_radiant', 'skin_classic_9_lives', 1),
    (gen_random_uuid(), 'classic_radiant', 'skin_classic_bound', 1),
    (gen_random_uuid(), 'classic_radiant', 'skin_classic_forsaken', 1),
    (gen_random_uuid(), 'classic_radiant', 'skin_classic_finesse', 1),
    (gen_random_uuid(), 'classic_radiant', 'skin_classic_neptune', 1),
    (gen_random_uuid(), 'classic_radiant', 'skin_classic_rgx_11z_pro', 1),
    (gen_random_uuid(), 'classic_radiant', 'skin_classic_bubble_pop', 1),
    (gen_random_uuid(), 'classic_radiant', 'skin_classic_prime', 1),
    (gen_random_uuid(), 'classic_radiant', 'skin_classic_switchback', 1),
    (gen_random_uuid(), 'bulldog_basic', 'skin_bulldog_phaseguard', 1),
    (gen_random_uuid(), 'bulldog_basic', 'skin_bulldog_oni', 1),
    (gen_random_uuid(), 'bulldog_basic', 'skin_bulldog_spectrum', 1),
    (gen_random_uuid(), 'bulldog_basic', 'skin_bulldog_undercity', 1),
    (gen_random_uuid(), 'bulldog_basic', 'skin_bulldog_striker', 1),
    (gen_random_uuid(), 'bulldog_basic', 'skin_bulldog_minima', 1),
    (gen_random_uuid(), 'bulldog_basic', 'skin_bulldog_bound', 1),
    (gen_random_uuid(), 'bulldog_basic', 'skin_bulldog_transition', 1),
    (gen_random_uuid(), 'bulldog_basic', 'skin_bulldog_rush', 1),
    (gen_random_uuid(), 'bulldog_basic', 'skin_bulldog_shimmer', 1),
    (gen_random_uuid(), 'bulldog_basic', 'skin_bulldog_retrowave', 1),
    (gen_random_uuid(), 'bulldog_basic', 'skin_bulldog_aristocrat', 1),
    (gen_random_uuid(), 'bulldog_basic', 'skin_bulldog_combat_crafts', 1),
    (gen_random_uuid(), 'bulldog_basic', 'skin_bulldog_rune_stone', 1),
    (gen_random_uuid(), 'bulldog_basic', 'skin_bulldog_digihex', 1),
    (gen_random_uuid(), 'bulldog_basic', 'skin_bulldog_perch', 1),
    (gen_random_uuid(), 'bulldog_basic', 'skin_bulldog_rupture', 1),
    (gen_random_uuid(), 'bulldog_basic', 'skin_bulldog_depths', 1),
    (gen_random_uuid(), 'bulldog_basic', 'skin_bulldog_neptune', 1),
    (gen_random_uuid(), 'bulldog_basic', 'skin_bulldog_velocity', 1);
